deal,opp_id,stage,win,momentum,commitment,risk,read,factor_source,win_engine,calls_read,prev_win_v107,prev_mom_v107,win_reasons,momentum_reasons
Temasek,006P700000BV2eA,Formal Evaluation,37.0,66.0,46.0,63.0,Moving,ai,10.8,1,51,96,"[warn] No economic buyer engaged — vulnerabilities explicitly flag no CFO/CPO/C-suite sponsor; contacts are mid-level (Adam Kang, Shirley Tan, Wing Yu Onz). ► Use STE/Infosys Compass to open EB access before the shortlist decision. || [warn] No confirmed champion — MEDDPICC marks champion 'gap'; Adam Kang is engaged (AI deck, 6 Feb call) but no source shows him advocating for Zycus internally. ► Convert Adam Kang into an active advocate ahead of the clarification deadline. || [warn] Workday is a structural threat, not just a bidder — buyer repeatedly presses for proof of Workday integration (6 Feb call, Next_Step refs), and Workday is also the incumbent ERP. ► Close the Workday-integration reference gap the buyer asked for. || [good] Still alive in a 5-6 vendor field with no rival confirmed ahead — GEP, Coupa, Ivalua, Workday, JAGGAER all named, but the 1 Jul clarification round shows Zycus is still being evaluated, not cut. || [good] AI narrative is landing — buyer's detailed 6 Feb questions on Merlin persona-aware intake and AI redlining match Zycus's 'AI-embedded I2O' positioning (Next_Step__c, 20 Mar 2026). || [warn] No quantified business case — MEDDPICC metrics is 'gap'; buyer pain (manual contract workflows) is qualitative only. ► Build an ROI case with Adam Kang to differentiate against price-competitive rivals in a sovereign-fund procurement.","[good] Buyer issued a live clarification round — 60 questions received 1 Jul 2026, due 15 Jul, only ~8 days old and keeping the RFI process actively moving. || [good] RFI submitted on time — Next_Step__c: 'RFI submitted on time - strong proposal and now we wait for shortlist' (6 Jun 2026). || [good] Deliverable cadence is escalating — NDA (20 Apr) → RFI invite (11 May) → RFI submission (6 Jun) → clarifications (1 Jul); a rising, buyer-driven sequence, not a stall. || [warn] Zero calendar meetings logged anywhere — 0 Avoma/Task meetings in the 30/60/90-day windows; every touchpoint lives only in the Next_Step__c narrative. ► Start logging RFI calls as Tasks/Events so future runs don't read this as dark. || [warn] No future session or shortlist date on the calendar — next_scheduled_meeting is null. ► Get a shortlist-readout call booked once clarifications are submitted 15 Jul."
Techtronic,006P700000GWfrf,Shortlisted,48.0,65.0,55.0,68.0,Close-date risk,ai,10.8,3,52,99,"[good] Genuine top-two shortlist — TTI narrowed to 2 vendors on 11 May 2026, and the 1 Jul S2C pivot is reported as strengthening Zycus's hand specifically vs Coupa. || [warn] Economic buyer completely unengaged — CFO decides scope/vendor week of 13 Jul with no Zycus pricing, ROI, or relationship to date. ► Get a tailored ROI/exec brief to Duncan/Tej to carry into the CFO meeting before 13 Jul. || [warn] Submission gap vs every active rival — Coupa/GEP/iValua have all already supplied RACI and phased implementation plans; Zycus has not. ► Send the promised revised pricing + RACI/implementation plan (due 8 Jul) immediately. || [good] References cleared — Tej Ram confirmed 30 Jun that TTI 'completed references and are going through final stages of process' (Nissan, TataPlay). || [warn] High-threat rivals still active — GEP and iValua were flagged as strong threats on 11 May with no buyer-voiced confirmation Zycus has since pulled ahead. || [warn] Commercial uncertainty — a 50% likelihood of an S2C-only pivot would shrink the deal from $220K to roughly $110-130K and push P2P/Merlin Intake to 2027.","[good] Active two-way dialogue — 11 buyer touches in 30 days, 14 SFDC email touches in 60 days, most recently a 1 Jul 2026 implementation/licensing meeting. || [good] Fresh, dated next step — 8 Jul plan to send Duncan/Tej revised pricing and target a call by EOD, tied directly to the CFO's scope decision week of 13 Jul. || [good] Cadence accelerated since May — near-weekly substantive updates (references, sandbox plan, costing asks) from 11 May through 8 Jul vs sparser Mar-Apr touchpoints. || [warn] No future meeting booked — next_scheduled_meeting is null even though TTI's CFO decides scope/vendor within days. ► Lock a specific Duncan/Tej or CFO session before 13 Jul. || [warn] Thin on recorded sessions — only 1 actual meeting logged in the last 90 days; most cadence is email/next-step narrative rather than buyer face time. || [warn] Close date pulled in but unsupported — Aug 30 → Jul 30 move looks positive, but it precedes the 13 Jul CFO decision with no paper process yet in motion."
SAMI,006P700000RD9Ir,Shortlisted,56.0,70.0,58.0,70.0,At risk,ai,10.8,2,39,54,"[warn] No champion, no direct EB access — Franck Devienne is explicitly logged as gatekeeper, not champion; CFO/CPO-level budget authority has never joined a call. ► Build internal advocacy and force a direct EB session before final scoring. || [warn] AI positioning conflicts with a hard buyer restriction — MEDDPICC blocker states 'ZERO AI functionality will be accepted' for KSA data-residency/security reasons, undercutting the Merlin/ANA-led pitch used in both deep-read calls (13 Jan, 23 Jun). ► Re-anchor the pitch on-prem/private-cloud compliance, not AI. || [warn] SAP Ariba integration parity unproven — SAMI runs S/4HANA where Ariba has native ecosystem edge; Zycus offered iSaaS middleware/adapters at the 23 Jun demo with no proof point yet. ► Secure a technical reference or parity PoC before BAFO. || [good] Buyer voluntarily confirmed survival to shortlist-of-3 — 2 Mar 2026 SAMI confidentially confirmed Zycus made the cut to 3 vendors despite regional disruption, and engagement has continued since (demo, quote request). || [good] Deep, buyer-run structured evaluation — ~600-question RFP clarification round, live demo, and ongoing InfoSec/DC/reference checks show real buyer investment (deep qualification), which is holding the position even with EB/champion gaps. || [warn] Defense-compliance questions still open — trade/FARS, classified-material lineage and consignment/MRP integration remain unanswered since the 23 Jun demo. ► Close these in writing before the end-of-July evaluation deadline.","[good] Buyer actively driving next round — 3 Jul next-step note: SAMI asked for revised quotes via KPMG/Accenture and flagged open tech queries, a buyer-issued deliverable, not rep-chased. || [good] Recent high-value session logged — 23 Jun 2026 'ZYCUS SRM - Live Demo' (152 min, transcript, sami.com.sa/alsalam.aero attendees) directly addressed RFP positioning. || [warn] No future meeting on the calendar — next_scheduled_meeting is null despite a live RFP racing toward an end-July evaluation close. ► Lock the next SRM/decision session now, don't let the cadence go quiet. || [good] Continuous forward trail since Dec 2025 — RFI (24 Jan) → RFP submitted (4 May) → ~600 clarifications → demo (23 Jun) → revised-quote request (3 Jul) shows steady buyer-paced advancement, not stalling. || [warn] Close date already pushed once — 2026-06-29 → 2026-08-29 (61 days) with no buyer-confirmed reason on file. ► Reconfirm the true decision date with Franck/advisor before next forecast call. || [good] Buyer-set evaluation deadline keeps process live — 'end of July' close of all evaluations (per 3 Jul next step) qualifies this as an on-track structured process, not a dark deal."
Wheelson,006P700000VlPdp,Shortlisted,40.0,30.0,28.0,68.0,On hold,ai,10.8,0,52,52,"[warn] Zero economic-buyer access — 12+ weeks since Zycus was shortlisted (15 Apr 2026) alongside Aerchain, and Mumtalakat itself has never taken a Zycus meeting; all contact runs through Wheelson. ► Push Wheelson hard for a direct Mumtalakat introduction. || [good] Genuine two-horse race, not a long-shot — Wheelson narrowed 5 vendors down to Zycus and Aerchain for the Enterprise track (confirmed 15 Apr 2026); Zip only won the separate Small-track. || [warn] Champion one layer removed and gone quiet — Samynathan (Wheelson-side, not Mumtalakat) has relayed status for 4 months but has surfaced nothing new since the 3 Jun 2026 call. ► Re-establish a direct cadence with Samynathan this week. || [good] Deal was genuinely strengthening on the record — Amount $250K→$300K, forecast Pipeline→Best Case, stage Formal Eval→Shortlisted, all inside a few weeks in April 2026 — though this compound signal is now ~3 months stale. || [warn] Paper process and EB both still open gaps in MEDDPICC — no procurement motion recorded, decision process only partial, competition only partial (Aerchain's and JAGGAER's true standing unverified since Zycus has no direct line to Mumtalakat). || [warn] Geopolitical delay has blown past its own target — expected resumption ""mid-May"" per the 15 Apr note never happened; as of 30 Jun the plan is still just ""reach out for update,"" not a confirmed buyer milestone. ► Get Wheelson to commit to a hard resumption date.","[warn] No confirmed buyer contact in months — only the 3 Jun 2026 Wheelson CEO check-in registers as real dialogue; meetings.total_all_time = 0, no Avoma transcripts on this account at all. || [warn] Rep chasing, buyer passive — every logged next-step (""Reach out to Wheelson for update/status"") originates from the rep; Wheelson/Mumtalakat has not initiated a single touch. || [warn] Cooling off the April peak — the Mar 18 / Apr 15 demo-and-shortlist burst hasn't been matched by anything since; only a single status call in the last ~2 months. || [good] Not ice-cold yet — the 3 Jun 2026 Wheelson CEO call keeps the buyer-action clock inside 30 days, and last_activity_date (2 Jul 2026) shows the rep still actively tracking the account. || [warn] No forward calendar — next_scheduled_meeting is null; there is no dated future session with Wheelson or Mumtalakat to anchor recovery. || [warn] Own admission of delay — the 3 Jun note says activity ""has slowed due to geopolitical issues, expect to resume next week,"" but the 30 Jun follow-up still shows no resumption, just another plan to reach out."
Mair Group,006P700000PtQGP,Contract In Progress,92.0,84.0,90.0,20.0,Closing,ai,10.8,12,99,95,"[good] Contract fully executed — full initialed/stamped/signed copy received 17 June 2026, PO shared with finance 18 June, Year 1 licence invoice issued 20 June. Exception: recorded stage 'Contract In Progress' (anchor 85) under-positions this — scored against a signed/PO-stage anchor given hard evidence of completed signature and invoicing. ► Advance the stage to Closed Won / PO Received in Salesforce to reflect reality. || [good] Sole rival displaced — GEP Worldwide, the only live threat through BAFO, is now confirmed out; the contract was signed with Zycus 17 June 2026. || [good] Champion escalated to close it personally — CPO Mazin Abdulhadi Hawasli resolved the final legal impasse (AD-courts arbitration concession) himself and pushed the counter-signature through. || [good] MEDDPICC fully confirmed — all 8 pillars (economic buyer, champion, metrics, paper process, decision criteria/process, pain, competition) read as confirmed across the record. || [good] Buyer-side procurement signal — amount raised $250K→$265,570 and forecast upgraded Best Case→Commit ~63 days ago, both ahead of the actual signature. || [warn] Recorded close date (28 May) sits 42 days in the past against today's date despite the deal being fully signed — a CRM hygiene gap, not a real risk. ► Correct the stage/close date so forecast reporting matches the signed contract.","[good] Post-signature engagement still active — 4 buyer meetings in the last 30 days, including the SOW Workshop 29 June and a Mair Group project call 3 July (transcript captured, 10 min). || [good] CPO personally drove the closing cadence — Mazin joined the legal-to-legal call 10 June and conceded the arbitration-venue point himself to get signature moving. || [good] Heavy two-way buyer contact — 23 buyer touches in 30 days and 26 SFDC email touches in 60 days (engagement points 60d = 60), not one-way rep chasing. || [warn] No forward-dated milestone on file — next_scheduled_meeting is null and Next_Step is a historical log ending 20 June with no new dated action. ► Log the kickoff/onboarding milestone now that paper is done, so momentum tracking doesn't go dark by default. || [warn] Close date frozen at 28 May while the real signature landed 17 June — CRM close date is stale against reality. ► Update CloseDate/stage to reflect actual signing so the pipeline view stops showing false overdue risk."
MTR,006P700000KTTO5,Shortlisted,40.0,68.0,42.0,68.0,At risk,ai,10.8,2,60,79,"[warn] No champion on record — the Dec 8, 2025 note states 'not able to identify champion/exec sponsor,' never reversed; Lillian is a promising contact but unproven as an advocate. ► Convert Lillian into a named internal advocate before award. || [warn] Economic buyer never engaged — Alex Gautier (GM Procurement, decision maker) has had zero calls across 685 days; only indirect COE/CPO contact has been planned, not confirmed. ► Force a direct EB session ahead of the Oct decision. || [warn] Advisory partner backing a rival — EY, MTR's own tender advisor, has pushed Icertis since Nov 5, 2025, and Zycus's Alliance countermeasure has no confirmed result. ► Escalate the Alliance play before scoring. || [good] Still a live, seriously-considered bidder — Jul 7 call: Lillian explicitly wants Zycus at 'BEST price to win' and discussed implementation ownership, not elimination. || [warn] No quantified business case — MEDDPICC metrics show a gap; no buyer has stated a savings figure or ROI target. ► Get a first-dollar estimate from Lillian pre-submission. || [good] Timeline is buyer-stated, not assumed — 1.5-month eval and mid-October award both came directly from Lillian on Jul 7, giving a credible near-term decision point.","[good] Buyer proactively re-engaged — Lillian called Jul 7, 2026 to discuss pricing/SI ownership ahead of the RFP submission and agreed to an HK F2F the following week. || [good] Frozen deal reactivated — project was 'frozen due to internal priorities' as of May 4, 2026, then the RFP formally issued Jun 9, 2026 with a stated 1.5-month evaluation. || [good] Close date now matches buyer's own timeline — pulled in 61 days (Dec 18 → Oct 18, 2026) to align with Lillian's stated 'award most likely mid-October.' || [warn] No logged, transcribed meeting in 360 days — the only Avoma record is a 2025-07-14 demo invite with no transcript; everything since is call/email only. ► Get a real session on the calendar and recorded. || [warn] Single-threaded contact — all recent engagement runs through Lillian alone; no second voice or exec has surfaced since the Nov 2025 CPO/HoP mentions. ► Widen the contact map before submission lands."
Khansaheb,006P700000LtIUv,Shortlisted,40.0,13.0,25.0,80.0,At risk,ai,10.8,3,55,48,"[warn] Shortlisted 1-of-2 but frozen — Abraham confirmed on 18 May 2026 we're one of two finalists, but 'all non-essential spend is paused' during the regional blockade. ► Get a written re-engagement trigger/date for when spend unfreezes. || [warn] Economic buyer unreachable — Bilal Hamadeh has been unavailable since at least 18 May 2026; every contact routes through Abraham alone. ► Push for a direct Bilal touchpoint or written delegated authority to Abraham. || [good] Deep POC already executed — Oct 2025 Vendor Portal POC and AP Smartdesk/OCR demo sessions with khansaheb.com + crowe.ae attendees validated self-registration, 3-way match, and ERP-integration criteria. || [warn] Deal scope shrunk to marginal size — pilot usage came in low and Khansaheb itself called it 'on the cusp of being too small,' capping commercial upside at $150K. ► Reframe value around margin-protection ROI (materials-price spike) to justify the spend. || [warn] Second shortlisted vendor never disclosed — Khansaheb has declined to name the competitor despite repeated direct asks over 4+ months, leaving the competitive read unverified. || [good] Pain and decision criteria buyer-confirmed — margin pressure from blockade-driven materials pricing plus solution-fit criteria give a live re-engagement hook once budget thaws.","[warn] No real meeting in 252 days — last recorded/transcribed session was the 30 Oct 2025 'Quick synch re: Commercials'; everything since has been email/phone chasing, not face time. ► Convert the 18 May re-engagement into an actual scheduled call now. || [warn] Customer-driven passivity — every update this year originated from the rep ('Pushed a couple of times for updates,' 'several out-of-office responses,' 'escalated...requesting a f2f'), never from Khansaheb. ► Get Abraham to commit to a fixed monthly check-in instead of rep-chased status pings. || [warn] Close date pushed 93 days — from 30 May to 31 Aug 2026, the latest in a year-long pattern of conflict-driven slips. ► Pressure-test whether Aug is realistic while spend is still frozen with no resumption trigger named. || [good] Champion did re-surface on 18 May 2026 — Abraham met the rep, confirmed the 2-vendor shortlist, and offered to bring in upper management / Carl. ► Lock that offered exec session to a real date before this cools again. || [warn] Nothing forward-dated on the calendar — next_scheduled_meeting is null and there is no open buyer milestone driving pace. ► Get a dated commitment for the 'present to upper mgt' session Abraham proposed. || [warn] Confidence has oscillated 5%→50%→5%→50% across Nov '25, Feb '26, and May '26 — a stall-revive-stall rhythm, not sustained build."
HAECO,006P700000NwbBd,Formal Evaluation,27.0,24.0,33.0,76.0,At risk,ai,10.8,2,36,59,"[warn] No economic buyer ever secured — MEDDPICC EB = 'gap'; Next Step (26 Jan) 'chasing after GCPO to meet with Carl' is still unresolved 6+ months later. ► Get Carl/GCPO into a dated session before RFP submission. || [warn] Champion and whole evaluation team departed — Simon Fung exited ~8 May 2026; Next Step (6 Jun) confirms the full team left, forcing a from-scratch rebuild. ► Charlotte needs rapid champion-development, not just status updates. || [warn] Four-way RFP field, no preference voiced — HAECO registered Zycus alongside Coupa, GEP Worldwide and Ivalua (~27 Apr 2026), on top of long-standing SAP Ariba threat. || [warn] Forecast label outruns the evidence — Best Case with amount cut 40%, close pushed 61 days, and 101 days of silence; recorded forecast looks over-positioned. ► Recommend downgrading forecast category to Pipeline pending re-qualification with the new contact. || [good] Positioning still matches stated buyer win themes — HAECO named 'AI execution' and 'industry expertise' as win themes (18 Mar 2026), aligning with Zycus's ST Engineering reference story. || [good] First revival signal in 9 weeks — Charlotte confirmed (2 Jul 2026) the deal is 'back in motion' with cost estimates reviewed and an F2F being planned.","[warn] 101 days dark, nothing scheduled — last buyer meeting was 30 Mar 2026; next_scheduled meeting is null and no future calendar item exists. || [warn] Entire evaluation team walked out — Next Step (6 Jun 2026): 'All of evaluation team has now departed HAECO... will result in delays.' || [good] Fresh buyer contact broke the silence — Charlotte's 2 Jul 2026 update: 'RFP coming shortly... deal is back in motion,' first positive signal in ~9 weeks. || [warn] Deal shrinking and slipping — Amount cut $750K→$450K (33d ago) and close date pushed 61 days (Aug→Oct 2026). || [warn] Cadence collapsed vs. prior period — 3 meetings logged in March 2026 alone (2nd/18th/30th) vs. zero in the 90 days since."
Globe Telecom,006P7000008hZHF,Shortlisted,40.0,30.0,28.0,78.0,Stalled,ai,10.8,0,49,57,"[warn] Deal size cut nearly in half — $650K → $350K only 33 days ago, alongside the 169-day close push, both undercutting the 'Best Case' tag. ► Re-validate scope/pricing with Ortega and Jerry before honoring Best Case. || [warn] No economic-buyer access in 19 months — last CEO/CFO contact was 31-Jul-2024; all 2026 engagement is mid-tier (Ortega, procurement). ► Force the planned F2F with Jerry (VP Procurement) and Anton onto the calendar. || [warn] Incumbent renewal looming again — SAP Ariba, already extended once (Aug-2025), has a renewal approaching per the 6-Jun-2026 note, risking a default renewal absent action. ► Pin a firm RFP timeline before that window closes. || [good] Real depth on record — a 2024 AI workshop, ongoing Chief AI Officer relationship (incl. the 21-May-2026 walkthrough), and a historical CEO/CFO touch show this wasn't a shallow engagement. || [good] Pain and competitive landscape are clear — Globe's own leadership has voiced budget/consolidation urgency, and Ariba is a known, understood incumbent rather than a hidden threat. || [warn] Decision and paper process both unconfirmed — MEDDPICC shows decision_process and paper_process as gaps and champion only 'partial.' ► Get Ortega to commit to a dated internal presentation to management.","[warn] Close date slipped 169 days — CloseDate moved 2026-07-15 → 2026-12-31, the latest entry in a multi-year pattern of pushes since 2024. ► Get a firm, buyer-confirmed date, not another placeholder. || [warn] No future meeting on the calendar — next_scheduled is null; last confirmed session was the 21-May-2026 Agentic AI walkthrough, 49 days dark. ► Convert the 'planning a F2F asap' note into a dated invite this week. || [good] Procurement re-engaged — Joseph Ortega (Head of Procurement) had a 'good meeting' on 6-Jun-2026 and is planning to present Zycus internally to management as Ariba's renewal approaches. || [warn] Rep carrying the cadence — 12 SFDC email touches in 60 days vs only 2 buyer touches in 30 days; buyer engagement points (60d) are just 9.2. ► Shift from rep-chasing to a buyer-owned action item. || [warn] Champion gone quiet — the contact who once called Zycus 'well positioned for single-source' has gone passive; the current driver (Ortega) is unproven at decision-maker level."
Gamuda,006P700000Q15OU,Shortlisted,42.0,8.0,28.0,71.0,Stalled,ai,10.8,1,52,56,"[warn] 167 days since the last real buyer session — last meeting was 23 Jan 2026; no session since, nothing scheduled. ► Get Sherald to commit a firm exec-review date this week, not another 'KIV.' || [good] Buyer already framed this as non-competitive — 20 Jan note: internal sign-off is 'non competitive,' meaning Zycus is the presumptive vendor pending budget, not fighting a named rival. || [warn] Economic buyer still unengaged after 8 months — MEDDPICC lists economic_buyer as a gap; Sherald planned to present to exco on 22 Jan but there's no record it happened or that exco ever saw us directly. ► Push for a direct EB/exco session instead of another champion relay. || [warn] Budget approval stuck since at least Feb — Next Step: commercials shared 6 Feb for mgmt sign-off, then 1 Jun status is still 'waiting on budget validation internally.' ► Get a hard budget decision date or escalate directly to finance. || [good] Buyer pulled Zycus in on AI fit, not the other way round — Sherald attended a Zycus CPO summit and steered discovery toward agentic AI (Merlin/ANA) before the deal even opened. || [warn] Stage moved to Shortlisted (38d ago) without matching proof — no exco sign-off, no paper process movement accompanies the stage bump, so the stage may be ahead of reality. ► Confirm true status before crediting the stage move.","[warn] Zero buyer touches in 90 days — meeting counts for the 30/60/90-day windows are all 0; last buyer meeting was the 23 Jan 2026 fit-gap/business-case session, now 167 days dark. ► Book a hard-dated call this week. || [warn] No future meeting on the calendar — next_scheduled_meeting is null, and the '12th Jun F2F to update status' referenced in the Next Step has no record it actually happened. ► Lock that F2F in writing, don't let it float. || [warn] Rep chasing into silence — 13 Mar follow-up email sent to arrange a call with no recorded buyer reply since; buyer_touches_30d = 0. ► Escalate to a second buyer contact (Joey Lye or the CTO) if Sherald stays unresponsive. || [good] Real engagement existed once — 3 meetings between 19 Nov and 23 Jan, including a 57-minute transcribed intro call and a dedicated ROI/business-case workshop. || [warn] Trajectory is falling, not flat — active Nov-Jan cadence (3 sessions in 9 weeks) went to complete silence Feb through Jul, a clear cooling pattern rather than steady-state quiet."
Cebu Pacific,0066700000wdNe1,Shortlisted,58.0,68.0,58.0,58.0,Close-date risk,ai,10.8,3,52,68,"[good] Buyer voice confirms Zycus favored — Astrid: 'Zycus favored already (in confidence)' (8 Jul), echoing Rohan's 26 May 'Zycus clear favored vendor,' despite Coupa still in the mix. || [good] Funding risk lifted — Pam confirmed 9 Jul 'Budget at exco level, and project is green light,' resolving the funding-caution flag from 26 May. || [warn] No direct CFO engagement — only a 'likely' meeting 2-3 weeks out (8 Jul); nothing dated or confirmed. ► Lock a specific CFO session before RFP responses are due. || [warn] Single-vote dependency on Pam — she 'is in control of voting' and Coupa is 'pushing hard and overpricing' on her, per 9 Jul note. ► Get direct, frequent access to Pam to shape her scoring. || [warn] Stage ceiling holds — Shortlisted/RFP-round caps the score at 60; no signed order-of-preference or legal-stage document exists to justify crossing it. || [good] Champion sustaining the deal through a stall — Rohan kept the relationship alive through the May funding pause and continues positioning Zycus favorably as of 8 Jul.","[good] Buyer-initiated exec touches in the last 48 hours — CP's eval team met Zycus at ProcureCon 8 Jul, and Director Procurement Pam hosted a dinner 9 Jul, both stemming from the buyer's own 6 Jun request to meet. || [good] Reaccelerating after a funding pause — following Rohan's 26 May flag that 'project will slow due to funding caution,' the deal has produced buyer touches on 6 Jun, 22 Jun and 8-9 Jul, density rising vs the flat April-May stretch. || [good] Forward next step is concrete — 'Next step is RFP/requirements coming' (9 Jul), with Pam offering to coach Zycus on responses. || [warn] No confirmed dated future meeting — the promised CFO session is only 'likely...2-3 weeks' (8 Jul); next_scheduled_meeting is null. ► Get the CFO meeting calendared this week. || [warn] Live competitive pressure could stall momentum — Pam (9 Jul): 'Coupa pushing hard and overpricing.' ► Arm Pam with pricing/ROI ammunition before she scores vendors."
Bandhan Bank,006P700000H55TV,Shortlisted,57.0,73.0,68.0,52.0,Front-runner,ai,10.8,9,70,74,"[good] Technical committee scored Zycus #1 on product & technology — confirmed by Nishan 2 Jul among the 3 shortlisted finalists. || [good] Champion is actively coaching the deal — Nishan has shared panel feedback, scoring breakdowns, and even named the fix (an India-BFSI implementation partner) across 5+ touchpoints since April. || [good] Competitive field has cleared to one rival — SAP Ariba, Ivalua, Coupa, Oracle Fusion and GEP have all faded; the only live threat has merely matched our one weak point, not overtaken our product lead. || [warn] Economic buyer still unmet — CFO/CIO first direct contact is the week-of-13-Jul session; MEDDPICC logs economic_buyer as only partial. ► Get a CFO pre-brief before walking into that room cold. || [warn] The one scored objection is still open — 'no India BFSI implementation experience' is the CFO-level red flag Nishan flagged 2 Jul, and no partner is confirmed yet. ► Lock the implementation partner and put their credentials in the 13 Jul deck. || [warn] Paper process hasn't started — MEDDPICC flags paper_process as a gap even though the champion asked for a commercial template back on 23 Jun. ► Send pricing/commercial docs now so they're ready post-CFO.","[good] Ranked #1 of 3 finalists — champion Nishan confirmed 2 Jul 'we are coming 1st on product assessment' after the technical committee's evaluation. || [good] Final CFO/CIO session locked — 8 Jul email confirmed a 13 Jul Mumbai meeting, the decisive step in a live 3-vendor RFP. || [good] Forecast and stage both moved up together — Pipeline→Best Case and Formal Eval→Shortlisted, both 7 days ago. || [warn] Raw meeting cadence is thin — only 2 buyer meeting-days in the last 30/60 days (engagement_points_60d 6.7). ► Log every champion call/email as a Task so true cadence shows in SFDC. || [warn] Close date already behind the real timeline — 8 Jul CloseDate sits before the 13 Jul CFO meeting; Nishan himself said it'll slip 5-7 days. ► Move CloseDate to ~20 Jul now."
Arabian Ind,006P700000QvP7Z,Shortlisted,45.0,42.0,42.0,68.0,On hold,ai,10.8,2,70,58,"[good] Shortlist reconfirmed by the buyer — 'confirmed we are shortlisted (top 3)' on 22 June 2026, no rival confirmed ahead; RFP-advancement floor of 45 applied (5.6). || [warn] Economic buyer never engaged — CFO/MD have had zero direct Zycus contact; Tushar's promise to arrange a CFO pitch (made 11 Feb 2026) still hasn't materialized four months later. ► Push for that CFO/MD session before the deeper-demo round restarts. || [warn] Budget not approved, project flagged non-essential — CFO is the budget owner but has committed nothing, and the deal is currently paused as non-critical spend amid the war. ► Get a funding-timeline answer in the July/Aug restart conversation, not just a demo date. || [warn] Single-threaded on Tushar Patel — sole named contact across the entire evaluation (discovery through shortlist); no IT, finance or second procurement stakeholder engaged. ► Ask Tushar to bring in a second stakeholder now, while things are quiet. || [warn] Competitive field unknown — 3-way shortlist confirmed but the identities of the other two finalists are unconfirmed (named competitor list is an internal CRM assumption, not buyer intel). ► Directly ask Tushar which two vendors made the cut. || [good] Differentiated AI story landed with the buyer — the ANA agentic-negotiation demo (11 Feb 2026) drew genuine curiosity and remains untested against the still-unknown finalists.","[good] Buyer reaffirmed shortlist status — 22 June 2026 call confirmed 'top 3' shortlist, a real buyer touch just 17 days ago that keeps the clock from reading dark. || [warn] Project explicitly paused by the buyer — exec team paused 'all non-essential projects' due to the war, restart not expected until July/August. ► Get a written restart-date commitment from Tushar rather than an open-ended 'Q3.' || [warn] No future meeting on the calendar — next_scheduled is null; the deeper-demo/commercial round depends entirely on an unconfirmed restart. ► Book a placeholder session for early Aug now, movable if the pause extends. || [good] Forecast upgraded to Best Case alongside stage move to Shortlisted — both happened together 17 days ago, a genuine conviction signal. || [warn] Engagement density has fallen off a cliff — after heavy RFP clarification traffic Feb-May, only one buyer touch logged in the last 90 days (22 June), nothing between Feb 11 and June 17. ► Use the champion-update cadence (17th/22nd June calls) to re-establish a fixed biweekly check-in through the pause. || [warn] Close date already pushed 34 days (28 Aug → 1 Oct) — first move is tolerated, but a second slip once the restart date firms up would be a real drag signal."
ACEN,006P700000DkWgX,Vendor Selected,20.0,5.0,18.0,82.0,On hold,ai,10.8,4,20,8,"[good] Deep historical qualification — EB Zee had direct face time (28 Feb 2025, 'Zee, Carl and Madhuri'), and MEDDPICC (EB, pain, decision process/criteria, competition) all confirmed — Depth Tier 2, floor 42 before the gate. || [warn] Momentum gate fires — Vendor Selected but Momentum ~8 after 330 days dark with no live buyer milestone; the depth floor is overridden and Win is halved from ~42 to ~20. || [warn] SAP Ariba is the live commercial threat — buyer flagged 'concerned over SAP secondary integration cost which is significant,' the unresolved variable keeping ACEN on SAP's ecosystem. || [warn] No re-scoped proposal delivered — Oct 2025 request to trim scope/budget was never confirmed sent, and nothing has moved since. || [warn] Champion gone quiet — Jeff (RFP logistics, MSA routing) has no confirmed active engagement since roughly Q3 2025. || [good] Buyer showed real intent once — Zee indicated in Oct 2025 he could get a right-sized proposal through exco, evidence of genuine (if now stalled) advocacy.","[warn] 330 days since any real buyer session — last meeting was the 13 Aug 2025 architecture walkthrough; zero meetings logged in the 30/60/90-day windows. || [warn] Rep chasing into silence — three separate revival attempts (14 Jan, 16 Mar, 4 May 2026 next-step notes) show no recorded buyer reply. ► Escalate via Jeff or a new exec contact instead of repeating email asks. || [warn] Close date pushed to 2027-01-31 — consistent with the Sep/Oct 2025 exco postponement never being recovered; the buyer's own quarter-delay has stretched to ~9 months. ► Re-baseline the date to the real timeline. || [warn] Buyer paused the project, not just quiet — Zee told the team on 22 Sep 2025 exco decided to delay 'by a quarter minimum,' and no revival has landed since. || [good] Real relationship base to restart from — Zee (CPO) and Jeff drove architecture walkthroughs, a 127-min full demo, and revised commercials through 2025."
Robert Bosch,006P700000PlMpu,Shortlisted,53.0,56.0,65.0,58.0,Close-date risk,ai,10.8,21,36,31,"[good] Deep qualification, Tier 3 (QDI ~17) — 17-user POC executed, Bosch ran its own internal PoC scorecard 22 May, technical + AI deep-dives, an onsite workshop, and 12 transcribed buyer sessions all in the record. || [good] Confirmed advancement to RFP Round 2 — round 2 documents received 29 Jun (due 17 Jul); no rival is buyer-confirmed ahead, only 'at least two other unresolved vendors' per the competition summary — 5.6 floor applies. || [warn] No economic-buyer face time — MEDDPICC EB is only 'partial'; Thomas Kirmse (champion) has gated but not delivered the C-level intro requested since 12 May. This caps the depth floor at 48 (no-EB guard). ► Push Kirmse explicitly for the CPO/CFO intro this week. || [good] Bosch is voicing real preference signals — 'you're already a step ahead,' 'quite mature' on AI (19–21 May calls), and Bosch asked Zycus to help shape its AI roadmap — stronger than a rep-claimed lead, though short of buyer-confirmed selection. || [warn] Champion has gone quiet — Thomas Kirmse's last confirmed contact was a planned 25 Jun call; no confirmation it happened. ► Re-establish contact with Kirmse now to keep round 2 on track. || [warn] Stage ceiling binds — recorded Shortlisted (RFP round) caps Win at 60 regardless of depth or advancement; score lands at 53, inside that ceiling, not at the raw fundamentals total.","[good] Buyer issued Round 2 documents — Jun 29, 2026 RFP Round 2 package received, due 17 Jul; this is a live buyer-issued deliverable, not rep chasing, resetting the engagement clock to ~10 days. || [good] Next step is fresh and forward-dated — Jun 29 note sets Due 17.7 for round 2 and a call with Thomas Krimse planned for 25.6, per Jun 22 trail. || [warn] Zero buyer meetings in 30 days, none scheduled — last real session was the 26 May Technical Deep Dive (44 days ago) and next_scheduled_meeting is null. ► Get a dated session on the calendar before the 17 Jul deadline. || [good] Deal strengthened on paper 70 days ago — amount $300K→$1.2M, stage Formal Eval→Shortlisted, forecast Pipeline→Best Case, all in the same ~70-day window. || [warn] Our own deliverable is 6+ weeks late — Swagger/Postman API collection requested by Bosch on 26 May still not delivered as of 6 Jul. This is an execution risk on us, not a buyer-momentum drag. ► Ship the API docs this week — it is the one thing currently in our control. || [good] May burst of activity (10 sessions in 60 days incl. 184-min kickoff, AI deep-dive, onsite workshop) followed by a quiet June reads as normal round-2 procurement rhythm while the 17 Jul window is open, not decay."
