account,stage,forecast,amount,close,studio_win,studio_win_band,studio_momentum,studio_momentum_band,win_drivers,win_focus_now,win_ceiling_applied,win_exception_statement,momentum_drivers,momentum_focus_now,signal_extraction,extraction_rationale,todo_prospect_requirements,todo_zycus_commitments,todo_waiting_on_buyer,todo_best_practices,suggested_realistic_close,summary_24h
Consumer Cellular,Shortlisted,Upside Key Deal,191000.0,2026-07-31,80,Strong,82,Accelerating,"✅ Buyer-voiced front-runner (Abe, 25 Jun: 'we are the front runner'), corroborated by MSA/OF/draft SOW sitting with CC Legal since 20 May and a 7 Jul Implementation Readiness / SOW-scoping session - the deal is operating at Vendor-Selected/Negotiation, far beyond its recorded Shortlisted.
✅ Strong, active champion - Abe Comarow has driven every workstream since Oct 2025 and is now orchestrating Legal, IT and Finance into implementation planning; no cooling signs.
✅ Validated business case as the wedge - co-built $32M savings on $660M spend across four ROI sessions, funded via CFO readout; native NetSuite integration and full S2P suite differentiate on value, not price.
⚠️ Two competitors still in the race and discounting - Coupa and Zip 'dropping their costs significantly... a slight risk' (25 Jun); this is not yet a locked selection. ► Send the refreshed list-vs-CC pricing Abe requested and re-anchor on the $32M ROI/TCO + NetSuite/AI wedge before price alone erodes the lead.
⚠️ Legal backlog stalling the paper - MSA/OF/SOW/DPA with CC Legal ~7 weeks (departed legal rep); close pushed twice (5/31->6/30->7/31) and not credible. ► Offer a 30-min joint redline session with Bobbie Reyes/Joseph Reiber to clear the limited SOW/DPA redlines and lock a signature path.
⚠️ EB only indirect + AI wedge not landing - CFO engaged only through the business-case readout (no direct Zycus face time); buyer has shown zero AI/Merlin evaluation depth (AI posture Negative). ► Secure a direct CFO touch to confirm funding + timeline and reframe Merlin/AI value in CFO-grade ROI terms.","Unblock Legal this week - get the limited MSA/OF/SOW/DPA redlines returned (offer a joint working session) and send Abe the refreshed list-vs-CC pricing, so the front-runner position converts before the close date slips again.","Stage-reality override (§5.5): crossed the Shortlisted RFP-round ceiling (60) on hard paper-process evidence and scored against Vendor Selected (cap 85). Held at 80 - below the 85 cap - by live discounting competition, a ~7-week Legal backlog and a non-credible close date; forecast 'Upside Key Deal' (not Commit) independently bars crossing 85.","Ceiling crossed: recorded Shortlisted (cap 60), but the MSA, Order Form and draft SOW have been with Consumer Cellular's Legal since 20 May 2026 with only limited redlines now under review, a full Implementation Readiness / SOW-scoping session ran on 7 Jul 2026, and Abe Comarow named Zycus 'front runner' on 25 Jun 2026 - the deal is functioning at Vendor-Selected/Negotiation level. Scored against the Vendor Selected anchor. ► Advance the stage to Vendor Selected (or Negotiation) in Salesforce to reflect reality.","✅ Major implementation-readiness / SOW-scoping session just 2 days ago (7 Jul) - 6+ CC stakeholders incl. new IT (Brian; Bill Salisbury for NetSuite) walked implementation approach, timeline and integration/SSO; the buyer is actively shaping scope, not just attending.
✅ Buyer initiating, not merely responding - CC Privacy team sent sub-processor / Merlin-AI security questions unprompted (1 Jul) and Abe drove the 'finalizing agreements' scheduling; genuine two-way pull.
✅ Dense recent cadence - CLM (18 Jun), Legal demo (16 Jun), InfoSec & AP/Finance sessions (5 Jun), plus near-daily two-way email through late Jun/early Jul: well above the building-momentum bar of 2+ sessions in 45 days.
✅ Fresh, advancing next step + paper in motion - SOW deep-dive being set up, refreshed pricing requested, and MSA/OF/SOW/DPA actively with CC Legal for redlines.
⚠️ Forward motion now gated on Legal's redline return (no firm date; backlogged by a departed rep). ► Offer a 30-minute joint SOW/DPA redline session this week to hold the tempo.
⚠️ Scope/timeline surprised the buyer (8-month plan vs ~April NetSuite sunset; phased-vs-big-bang undecided). ► Send the promised detailed phased-vs-big-bang timeline now so the plan aligns to the sunset and the date holds.",Keep the tempo by unblocking Legal this week - offer a joint SOW/DPA redline session and send the phased-vs-big-bang timeline Abe asked for.,"Implementation Readiness / SOW-scoping session; 6+ CC stakeholders incl. new IT (Brian, Bill Salisbury); walked implementation approach, phased-vs-big-bang timeline, NetSuite integration, SSO/SCIM
Abe Comarow (SF Next_Step__c): 'we are the front runner and need to continue hitting the mark'
MSA, OF, draft SOW with CC Legal since 20 May; 7 Jul call confirms 'limited red lines' still under legal review; DPA redlines pending
CC Privacy team unprompted: 'Can you provide a full list of Zycus's sub-processors... Merlin AI - Training' questions
'Coupa and zip still in running due to dropping their costs significantly which could be a slight risk'; SAP Ariba faded
CloseDate 6/30->7/31 (2nd push; 5/31->6/30 on 5/27); realistic close not credible per legal backlog
Co-built $32M savings on $660M spend, validated across 4 ROI sessions; presented to CFO for funding 8 May
Abe: 8-month (7+1) plan 'a good bit longer than... 3 to 4 months'; ~April NetSuite sunset is compelling event; phased-vs-big-bang undecided
Business case readout to CFO for funding approval - indirect EB involvement, no direct Zycus face time
No buyer AI/Merlin evaluation depth; AI posture flagged Negative (ais 2.0); Merlin tokens in transcript are rep framing only
coverage=full","Deal functions well beyond its recorded Shortlisted stage: MSA/OF/draft SOW with CC Legal since 20 May, a 7 Jul Implementation Readiness / SOW-scoping session, and Abe's 25 Jun 'front runner' statement all point to Vendor-Selected/Negotiation.
Abe Comarow is a strong, active champion driving every workstream (business case, CLM, AP, InfoSec, legal, IT) since Oct 2025 and pulling Legal/IT/Finance into implementation planning.
Validated $32M ROI on $660M spend across four buyer-pressure-tested ROI sessions (CFO funding readout 8 May) is the durable competitive wedge, alongside native NetSuite integration.
Two competitors stay live and are discounting late - Coupa and Zip 'still in running... a slight risk'; Zycus leads but is not sole-source; SAP Ariba has faded.
Momentum is high right now (7 Jul workshop, buyer-initiated 1 Jul security questions, dense trailing-45-day cadence), but forward motion is gated on a 7-week Legal backlog and a non-credible 31 Jul close.
EB (CFO) is engaged only indirectly via the business-case readout and the buyer shows no AI-evaluation depth despite Merlin being a core Zycus differentiator.","Refreshed pricing showing list cost vs Consumer Cellular pricing (counter Coupa/Zip discounting)  [date=2026-06-25 due=2026-07-13 who_asked=Abe Comarow]
Answers to Privacy/InfoSec questions (full sub-processor list + locations, Merlin AI training data, token/LLM cost vs CC's Claude) and return DPA redlines  [date=2026-07-01 due=2026-07-14 who_asked=CC Privacy/Legal (via Abe Comarow)]
Detailed phased-vs-big-bang implementation timeline aligned to the ~April NetSuite procurement sunset  [date=2026-07-07 due=2026-07-13 who_asked=Abe Comarow / Michael Kelley]
IT enablement pack - SSO/SAML documentation plus recorded NetSuite live-integration and search-genie demo videos  [date=2026-07-07 due=2026-07-11 who_asked=Brian (Corporate Infrastructure/IT) / Abe Comarow]","Return DPA redlines and the responses to CC's privacy questions  [due=2026-07-10 committed_on=2026-07-07]
Share the detailed implementation timeline in BOTH phased and big-bang approaches  [due=2026-07-13 committed_on=2026-07-07]
Review CC's SOW redlines and return an updated SOW (offer a 30-min redline call)  [due=2026-07-16 committed_on=2026-07-07]
Send refreshed pricing (list vs CC) for the digital-signature/Certinal and suite proposal  [due=2026-07-13 committed_on=2026-06-25]","CC Legal to return the limited MSA/OF/SOW and DPA redlines (backlogged ~7 weeks)  [who=Bobbie Reyes / Joseph Reiber / Kane Christianson needed_by=2026-07-16]
Decision on phased vs big-bang implementation scope  [who=Abe Comarow / Jason Chan / Michael Kelley needed_by=2026-07-15]
Pricing inputs - internal/external signature envelope count and spend count + refresh frequency for spend-analysis scoping  [who=Abe Comarow / Garry Hill needed_by=2026-07-14]
Written InfoSec clearance / formal sign-off (attended InfoSec/ITAM demos 28 May & 5 Jun, no documented sign-off)  [who=Marques Johnson (GRC) needed_by=2026-07-15]","Competitive defense: re-anchor Abe on the co-built $32M ROI/TCO + NetSuite integration and AI differentiation vs Coupa/Zip's late discounting  [due=2026-07-13]
Multithread to the economic buyer: secure a direct CFO touch to confirm funding and timeline  [due=2026-07-20]
De-risk the close: run a joint Legal redline working session to break the 7-week backlog and lock a signature path  [due=2026-07-16]
Confirm the compelling event: pin the exact NetSuite procurement renewal/sunset date (~April) and back-plan SOW->signature to it  [due=2026-07-15]",2026-09-15,"Implementation Readiness / SOW-scoping session held with Consumer Cellular (7 Jul): Zycus walked the implementation approach, phased-vs-big-bang timeline and NetSuite integration with 6+ CC stakeholders incl. new IT leads, and the buyer's Legal is now finalizing limited SOW/DPA redlines.
New IT stakeholders pulled into scoping (Brian; Bill Salisbury for NetSuite) and CC's Privacy team sent sub-processor/Merlin-AI questions (1 Jul) - deepening, buyer-driven engagement.
Risk tail: close date moved to 31 Jul, but Legal has held the paper ~7 weeks and the 8-month (7+1) plan vs the buyer's ~April NetSuite sunset surfaced an unresolved phased-vs-big-bang decision - realistic close slips to late Aug/Sept.
(As of 7 Jul (within the 48h safety-net); the strict 24h window (8-9 Jul) held no new substantive buyer action beyond the logged activity stamp.)"
Publicis Groupe,Vendor Selected,Commit,250000.0,2026-07-30,89,Winning,90,Accelerating,"✅ Sole-source selection at Vendor Selected + Commit forecast — Florence (CPO/EB) has decided (MEDDPICC 'decision already done'), no competitor named in any source since 11 May.
✅ Economic buyer IS the champion and is investing ahead of signature — Florence hired the project's incoming PM and personally set the signing deadline around her own vacation.
✅ Contract mechanics in final review — BAFO 24 Jun, MSA legal clauses resolved + NDA executed 29 Jun, buyer redlines returned 26 Jun, full package (MSA/OF1/SoW) with buyer as of 8 Jul.
⚠️ Close date pushed 15 days (15→30 Jul on 8 Jul) with Florence heading into a ~2-week vacation — signing window compressed. ► Lock a firm signature date and confirm a signing delegate/authority if she is out; hold the 9-10 Jul calls.
⚠️ Process-validators (Stephen Cook, Paras Sood) only re-engaged on 8 Jul after stalling since 12 Jun — technical/process sign-off not fully closed. ► Get explicit 'no blockers' from Stephen/Paras on the 9-10 Jul commercial + demo calls.
⚠️ Business case unquantified and ~50K TCV swing open (Merlin for iContract core-vs-option). ► Quantify Florence's ROI for the year-end mandate and resolve the Merlin core-vs-option point before finalization.","Convert a sole-source selection into a signed contract before Florence's vacation — lock the signing date, close Stephen/Paras process sign-off on the 9-10 Jul calls, and settle the Merlin core-vs-option commercial point.",Stage ceiling 85 crossed — §5.1 permits it (ForecastCategory=Commit AND stage ≥ Vendor Selected) and §5.5 stage-reality up-override applies (true stage Contract/Negotiation).,"Recorded StageName = Vendor Selected (anchor 72, cap 85), but hard paper evidence — BAFO sent 24 Jun 2026, MSA legal clauses resolved and NDA executed 29 Jun 2026, buyer returned contract redlines 26 Jun 2026, and SoW/OF1/OF2 in final review as of 8 Jul 2026 — shows the deal operating at Contract/Negotiation, scored against that higher anchor with Commit forecast. ► Advance StageName to Contract/Negotiation in Salesforce to match reality.","✅ EB-level working call on 8 Jul that finally pulled in the stalled process validators — Florence (CPO), Praveen, Stephen Cook and Paras Sood on one 'constructive call'; full SoW/contract package issued the same day.
✅ Dense two-way buyer deliverables in the last two weeks — buyer returned contract redlines (26 Jun), executed the NDA (29 Jun) and sent the completed functional document (1 Jul).
✅ Fresh, advancing Next Step (8 Jul, 90% confidence) with near-term dated milestones — 9 Jul commercial call, 9-10 Jul Merlin/iContract demo, 24 Jul contract finalization; 13 Jul Merlin Review already scheduled.
✅ Forecast upgraded to Commit and amount raised 230K→250K; buyer (Émeline) actively driving four OF1 iterations ('super pushy').
⚠️ Close date pushed 15 days (15→30 Jul) with Florence heading into a ~2-week vacation — tempo must convert to signature fast. ► Lock a firm signing date and a signing delegate; keep the 9-10 Jul calls on the calendar.
⚠️ Open commercial point (Merlin for iContract core-vs-option, ~50K TCV) could stall the final paper. ► Resolve the Merlin core-vs-option decision on the 9 Jul commercial call so OF1/SoW can be finalized.","Keep the tempo through signature — run the 9-10 Jul commercial + demo calls, resolve the Merlin core-vs-option point, and get the paper signed before Florence's vacation.","Dear Florence, Praveen, Stephen, Paras, Thank you very much for the constructive call today... we will come back to you by tomorrow with our OF2 / SoW
Florence CPO hired one of our senior consultant who will be PM for her... She wants to sign before end of July (She is in vacation in 2 weeks)
Please find attached our revised document... clean everything that we accepted... to get closer to executable version
Completed: NDA Publicis Groupe Holdings B.V._(2023) and Zycus Infotech B.V. — All parties finished
Please find attached the document completed on the functional part... Do you have availability on Friday or Monday to discuss it?
Can we please move to 11am Tuesday or Wednesday? Thanks Florence
ForecastCategoryName: Best Case -> Commit; Amount 230000 -> 250000
CloseDate: 2026-07-15 -> 2026-07-30
sent 3 reminders asking them to schedule a WS... 0 Feedback -> both present on the 8 Jul constructive call
MEDDPICC 2.0: 'No competition'; no rival named in any source 11 May-8 Jul
coverage=full","Vendor Selected + Commit, sole-sourced: Florence Tinsley-Roy (CPO) is the economic buyer, champion and decision-maker; MEDDPICC records the decision as already made and no competitor appears anywhere.
The deal is functionally at Contract/Negotiation, not Vendor Selected: BAFO sent 24 Jun, MSA legal clauses resolved and NDA executed 29 Jun, buyer returned redlines 26 Jun, SoW/OF1/OF2 in final review as of 8 Jul.
Strongest signal is champion investment: Florence hired the project's incoming PM (joins end-Aug) ahead of an unsigned contract and is driving the signature timeline around her own vacation.
Momentum is accelerating: the 8 Jul EB call finally pulled in the previously-stalled process validators (Stephen Cook, Paras Sood), with a stack of near-term dated milestones (9-10 Jul commercial call + Merlin demo, 13 Jul Merlin Review, 24 Jul finalization).
Only Avoma entry is a Sep-2025 dinner event (>90d, zero weight); all current-cycle facts come from the three gold-mine sources (Next Step, Next Step History, completed Task email bodies), which are complete.
Main risks are timing and thread-depth: close date pushed 15 days to 30 Jul, Florence on vacation ~2 weeks out, single-threaded on Florence for exec, and an open ~50K Merlin core-vs-option commercial point.","Deliver the Merlin-for-iContract demo the buyer requested  [date=2026-07-08 due=2026-07-10 who_asked=Florence Tinsley-Roy / Praveen Seemundun]
Complete Publicis vendor compliance declaration on OneTrust (PASS self-assessment)  [date=2026-06-30 due=2026-07-11 who_asked=Praveen Seemundun]","Deliver finalized OF2 / SoW package for buyer review  [due=2026-07-09 committed_on=2026-07-08]
Run the commercial call with Praveen (covering for Émeline)  [due=2026-07-09 committed_on=2026-07-08]
Finalization of contracts (MSA/OF1/OF2/SoW to executable)  [due=2026-07-24 committed_on=2026-07-08]","Stephen Cook / Paras Sood process-validation sign-off (explicit 'no blockers')  [who=Stephen Cook, Paras Sood needed_by=2026-07-11]
Florence's decision on Merlin for iContract as core module vs option (~50K TCV)  [who=Florence Tinsley-Roy needed_by=2026-07-11]
Confirmation second round of legal comments / MSA cleared  [who=Publicis Legal (via Émeline Le Foyer) needed_by=2026-07-14]
Buyer review and signature on the final contractual package (MSA/OF1/OF2/SoW)  [who=Florence Tinsley-Roy / Émeline Le Foyer / Praveen Seemundun needed_by=2026-07-22]","Multi-thread beyond Florence and secure a signing delegate / backup approver before her vacation  [due=2026-07-15]
Lock a mutual close/signature plan running through the 30 Jul close date  [due=2026-07-11]
Confirm sole-source / no late competitor entering before signature  [due=2026-07-11]
Quantify the ROI / business case for Florence's year-end procurement-impact mandate  [due=2026-07-14]",,"Zycus held a constructive close-out call on 8 Jul with CPO Florence Tinsley-Roy and the process validators (Stephen Cook, Paras Sood) and delivered the full contract package (MSA, OF1, SoW) — though the close date was pushed from 15 to 30 Jul.
Florence has hired Zycus's incoming project manager ahead of signature and wants to sign before her end-of-July vacation; a commercial call (9 Jul) and Merlin-for-iContract demo (10 Jul) are set, with contract finalization targeted for 24 Jul.
The open commercial point is whether Merlin for iContract stays a core module or moves to an option (~50K TCV swing).
(Reflects activity through the 8 Jul 2026 last-business-day window (today 9 Jul 2026).)"
Austrian Post,Shortlisted,Upside Key Deal,448680.0,2026-07-23,60,In the fight,73,Healthy/building,"✅ Multi-threaded senior access: DIRECT CPO (Flandorfer) face time at the 1 Jul Vienna onsite, plus dual working champions — Pölki negotiating commercials, Eppich validating tech.
✅ Differentiated + price-competitive front-runner: 448K vs Coupa 475K, buyer-acknowledged Source-to-Contract and agentic-AI (Merlin/ANA) edge, native-suite story landing.
⚠️ No selection despite ~70 days Shortlisted; buyer still benchmarking ('a new business case with the best prices we get from market'). ► Press Pölki for a written vendor-of-choice / order-of-preference signal before any further concession.
⚠️ CIO SAP-integration blocker (170–300 man-days) unresolved and IT diverted to Turkey S/4HANA; boss declined CIO/CEO exec engagement 'at the moment'. ► Land the AI SAP-mapping demo with Post IT to kill the effort objection and earn the IT green light.
⚠️ Business case unbuilt — buyer admits no urgency given high existing digitalization. ► Co-build the ROI/TCO model Zycus offered so Pölki can win the digital-roadmap board budget fight.
⚠️ Conviction slipping: forecast Best Case→Upside, amount 650K→448K, close pushed to 23 Jul which the buyer signals may slip to 2027. ► Reset the close to the realistic S2C-first timeline and correct the forecast in SFDC.","Convert the intense pricing engagement into a written vendor-of-choice commitment from Pölki AND neutralize the CIO SAP-integration blocker — without both, the 23 Jul close is not real.","Shortlisted → RFP-round ceiling ≤60 (§5.1). Strong raw signals (anchor 50 + rubric + engagement pulse) reached the cap; no §5.5 stage-reality override (no MSA/SOW/legal redline, no buyer-confirmed selection), so 60 binds.",,"✅ Fresh, dense two-way cadence: CPO-level Vienna onsite (1 Jul) + Pölki pricing negotiation (7 Jul) + ~5 buyer sessions in the prior fortnight — last real engagement just 2 days ago.
✅ Live commercial motion: transaction-based Merlin pricing, 7-yr S2C term (2-yr price guarantee), buyer actively requesting a refreshed implementation quote and business-case support.
✅ Rich, forward next-step trail (POC → onsite → pricing rounds) with continuous logged activity.
⚠️ No firm next session booked — 7 Jul closed on a loose 'catch up tomorrow/Thursday'; the buyer's next move is internal and undated (business case → digital-roadmap board). ► Lock a dated readout this week for the transaction model + joint business case.
⚠️ Forecast downgraded (Best Case→Upside) and close pushed to 23 Jul while the buyer floats a 2027 slip. ► Pin the digital-roadmap board date with Pölki so activity converts into a decision.
⚠️ Motion is somewhat circular — many pricing rounds, no advance to selection; champion 'being held back' by leadership. ► Tie the next commercial concession to a selection/shortlist-winner signal.",Bank the momentum by locking a dated next session and pinning the digital-roadmap board date — the deal is moving hard but has not yet advanced to selection.,"Vienna onsite (Teil 1+2) with CPO Matthias Flandorfer, Pölki, Karin Eppich, Melissa Koller + Zycus (Amit/Dirk); commercial + agentic-AI walkthrough. 'you're already in the shortlist ... we hope we can close it nearly next time'
Pölki pricing call: reviewed revised numbers + new transaction-based Merlin Intake model; 'I have to calculate it internally ... a good definition what is one transaction'
Zycus offered CEO/CIO engagement; Pölki's boss declined: 'he don't want to get his CIO at the moment ... helpful maybe in the next step'
Coupa near price-parity (475K vs Zycus 448K); Post bent its own process for Coupa. Zycus ahead on S2C+AI, rivals slight edge on P2P usability; Tronkeon a lower-cost bolt-on threat (24 Jun)
CIO SAP-integration effort (170–300 man-days) unresolved; IT resources diverted to Turkey S/4HANA. 'we cannot run it ... if not even a minimum of these IT resources is available'
No quantified case; high existing digitalization = 'no real sense of urgency'; boss 'only wants a new business case with the best prices we get from market'; must fight other departments for budget
'I can't tell you now an exact timeline. Nobody can tell you that' — two paths: start S2C Q4 2026 OR slip to mid/end 2027; P2P not before end-2027/2028
Forecast Best Case→Upside Key Deal (22 Jun); Amount 650K→448K (25 Jun, -31%); CloseDate 30 Jun→23 Jul
Pölki active champion (drives pricing, escalates internally, engages controlling) + Eppich technical; but admits 'wir werden auch ein bissl hingehalten' (we're being held back) by own leadership
Buyer's 'significant interest in the Merlin agentic AI front'; Zycus positioned outcome-agents vs point-agents, leader in all 4 analyst quadrants, native suite vs bolt-on
coverage=full","Genuinely hot, late-shortlist RFP: a CPO-level onsite (1 Jul) and a Pölki pricing call (7 Jul) sit on top of ~5 buyer sessions in the prior fortnight — engagement is fresh and two-way.
Zycus is the technical/price front-runner (448K vs Coupa 475K; buyer-acknowledged S2C + agentic-AI edge) with two working champions, Pölki (commercial) and Eppich (technical).
But it is NOT selected — 70 days in Shortlisted, buyer still comparing, champion openly 'being held back' by leadership.
Three hard blockers gate any 2026 close: an unresolved CIO SAP-integration objection (170–300 man-days), an unbuilt business case with no internal urgency, and no direct economic-buyer (CFO) engagement.
CRM conviction is slipping under the activity: forecast downgraded, amount cut 31%, close pushed to 23 Jul — a date the buyer themselves says may slip to 2027.
Coverage full: verbatim transcripts for the two decisive recent calls (1 & 7 Jul) plus SF facts, contact roles, activity trail and prior record; older Avoma transcripts empty but covered by next-step trail.","Clear written definition of 'a transaction' for the Merlin Intake consumption model  [date=2026-07-07 due=2026-07-10 who_asked=Engelbert Pölki]
Draft revised pricing sheet (with transaction caps/volumes) for buyer review  [date=2026-07-07 due=2026-07-08 who_asked=Engelbert Pölki]
Refreshed implementation-cost proposal on current scope (prior quote ~3 months old)  [date=2026-07-07 due=2026-07-18 who_asked=Engelbert Pölki]","Send the extra pricing spreadsheet with the revised numbers  [due=2026-07-08 committed_on=2026-07-07]
Deliver the definition of a transaction  [due=2026-07-08 committed_on=2026-07-07]
Co-build a joint business case from the buyer's numbers (cost-savings/ROI)  [due=2026-07-17 committed_on=2026-07-07]
Provide a new implementation proposal with EY partner  [due=2026-07-18 committed_on=2026-07-07]","Pölki to validate the ~18,000-transaction volume with his team and revert  [who=Engelbert Pölki needed_by=2026-07-15]
Date of the digital-roadmap board where the project is ranked / scheduled  [who=Engelbert Pölki / leadership needed_by=2026-07-22]
IT/CIO position (green light) on the SAP-integration effort  [who=CIO / IT via Pölki needed_by=2026-07-31]","Run the AI SAP-mapping demo for Post IT to neutralize the CIO's integration-effort objection  [due=2026-07-24]
Co-build and validate the ROI/TCO business case to arm Pölki for the digital-roadmap board  [due=2026-07-21]
Secure a written vendor-of-choice / order-of-preference signal from Pölki (advance Shortlisted → Vendor Selected)  [due=2026-07-28]
Multi-thread to CFO Barbara Potisk-Eibensteiner (economic buyer) on the Anna-event variable-cost concern  [due=2026-08-08]",2026-09-30,"Buyer (Pölki) reviewed Zycus's revised pricing and the new transaction-based Merlin Intake model on 7 Jul, and will validate the transaction volumes with his team before reverting.
Zycus committed to send the draft pricing sheet plus a clear 'what is a transaction' definition (by 8 Jul) and to prepare a joint business case and a refreshed implementation quote.
Gain tempered by risk: buyer's leadership again declined direct CIO/CEO exec engagement 'at the moment', keeping the gating SAP-integration sign-off internal — the chief threat to the 23 Jul close.
(Strict 24h (8 Jul) was quiet; surfaced under the 48h safety-net — the 7 Jul pricing call is the last real, detailed step.)"
John Deere,Shortlisted,Best Case,450000.0,2027-02-22,32,Behind/early,45,Steady,"⚠️ POC paused since 11 May — buyer 're-assessing priorities' and the POC 'will not move forward'; the core evaluation is stalled. ► Use the 20 Jul reconnect to lock a concrete POC-restart scope + date, not another touch base.
⚠️ Buyer is deep-diving a competing 'eternal I/O provider' (plus GEP and a strong internal TCS/OpenAI build) — a rival was prioritized ahead of us. ► Uncover the alternative's identity and build a head-to-head counter for 7/20.
⚠️ Executive buyer thin: Eduardo Viera lukewarm ('Zycus is one of those,' 12 Jun) and CFO Joshua Jepsen (true EB) never engaged. ► Multi-thread directly to Eduardo and map a path to the CFO for real sponsorship.
⚠️ Serial slippage: close pushed 3x (Mar->Jun->Sep 2026->Feb 2027) and 7+ months in Shortlisted; Best Case is over-stated. ► Correct the forecast/stage in Salesforce to reflect the paused reality.
✅ Genuine differentiation demonstrated and POV feedback on ANA + Spend was positive — Zycus is still in consideration, not eliminated. ► Convert that positive ANA/Spend read into a written, buyer-accepted value case.
✅ Buyer-accepted reconnect on 20 Jul (Karen Pagorek) keeps a live re-engagement window open.",Turn the 20 Jul reconnect into a committed POC-restart (scope + date) and open a direct line to Eduardo Viera / the CFO — otherwise the paused eval decays into a competitive/in-house loss.,"Shortlisted -> RFP-round ceiling 60 (not binding; score set below the 50 anchor by paused POC, fresh competitor-ahead signal, and 3x close-date slippage).",,"✅ Dated, buyer-accepted reconnect on 20 Jul (Karen Pagorek) — a live forward milestone that anchors the floor.
⚠️ Underlying pulse is soft: only one real two-way buyer touch in 30d (Eduardo's 12 Jun email), and it was lukewarm/deflecting. ► Land a substantive working session (POC restart or VE review), not another touch base.
⚠️ POC paused 11 May -> process-mode is OFF (anti-zombie: buyer paused), so stalling drag applies. ► Re-open a live deliverable to re-enter a real evaluation cadence.
⚠️ Recent motion is rep-driven: could-not-connect calls (Kathleen 2 Jul, Gia 3 Jun) and one-way emails; the customer rarely initiates. ► Get the buyer to own the next step at 7/20.
⚠️ Close date pushed 145 days on 11 May (3rd push) — timing slippage. ► Agree a realistic, buyer-owned timeline at reconnect.
✅ Eduardo replied within window (12 Jun), keeping cross-channel engagement alive and suppressing a full one-way penalty.","Convert the 20 Jul touch base into a real working session with a buyer-owned next step — the score is floored by the scheduled reconnect, not by genuine buyer pull.","POC will not move forward... re-assessing priorities (Karen Pagorek, Next_Step 11 May)
Doing a deep dive on another eternal I/O provider. Did not indicate which one.
Eduardo Viera: 'We are evaluating options and Zycus is one of those. Karen will be sharing more details.'
CloseDate 2026-09-30 -> 2027-02-22 (3rd consecutive push; Mar->Jun->Sep 2026->Feb 2027)
'has accepted a 20th July Connect' — Arthur/Karen touch base (Event + open Task)
'POC for ANA and Spend was positive' (Next_Step, post 3/31 POV delivery)
CFO Joshua Jepsen (Executive Sponsor, true EB on $450K) — zero activity on record
12/18 asks unfulfilled: VE benchmark sheet (70-80 data points), iSaaS module write-up, Tenneco/Federal-Mogul reference call
coverage=full","Deep, genuine evaluation through Q1 2026 (pricing deep-dive 12/18, POV delivered 3/31) has STALLED: on 11 May Karen Pagorek paused the POC and said John Deere is 're-assessing priorities.'
Buyer is actively deep-diving a competing 'eternal I/O provider' (unidentified) on top of GEP and a strong internal TCS/OpenAI build — a rival was prioritized AHEAD of Zycus.
Executive coverage is thin: sponsor Eduardo Viera replied lukewarm 12 Jun ('evaluating options, Zycus is one of those') and CFO Joshua Jepsen — the true EB on a $450K deal — has never engaged.
Serial slippage: close date pushed 3x (Mar->Jun->Sep 2026->Feb 2027) and ~7 months in Shortlisted; the Best Case forecast is no longer defensible.
Still alive, not eliminated: POV feedback on ANA + Spend was positive and a buyer-accepted reconnect is set for 20 Jul (Karen Pagorek) — a narrow re-engagement window.
Single-threaded on a weakening champion (Karen Pagorek) who lacks access to Eduardo; several Zycus commitments from the 12/18 asks (VE sheet, iSaaS write-up, reference call) remain overdue.","Value-engineering benchmark sheet (70-80 procurement data points comparing JD's AP cycle time, sourcing time, contract time vs Hackett/APQC + Zycus case studies)  [date=2025-12-18 due=2026-07-15 who_asked=Karen Pagorek]
Reference call with a comparable manufacturer (Tenneco Automotive / Federal-Mogul named on the 12/18 call)  [date=2025-12-18 due=2026-07-18 who_asked=Karen Pagorek]
iSaaS module write-up + reinforced definitions disentangling iSource e-auctions vs autonomous sourcing-with-negotiation  [date=2025-12-18 due=2026-07-18 who_asked=Karen Pagorek]","Diagnostic call to fully understand POC-halt ramifications (on-hold vs in-house build vs competitive loss)  [due=2026-07-20 committed_on=2026-05-11]
Send the business case / VE sheet + a sample output  [due=2026-07-15 committed_on=2025-12-18]
Send a separate write-up on the iSaaS module  [due=2026-07-15 committed_on=2025-12-18]
Set up the reference call (Tenneco/Federal-Mogul)  [due=2026-07-18 committed_on=2025-12-18]","Identity + positioning of the competing 'eternal I/O provider' John Deere is deep-diving  [who=Karen Pagorek needed_by=2026-07-20]
Go/no-go on resuming the paused POC + confirmation of where Zycus sits in the priority re-assessment  [who=Karen Pagorek / Eduardo Viera needed_by=2026-07-20]
3-month indirect spend data slice to re-start the Spend Analytics proof-of-value  [who=Karen Pagorek / Ronit needed_by=2026-08-15]","Multi-thread to the economic buyer: directly engage Eduardo Viera and map a path to CFO Joshua Jepsen for genuine exec sponsorship  [due=2026-07-25]
On 7/20, diagnose the pause and counter the competitive/in-house alternative (restart the stage gate)  [due=2026-07-20]
Rebuild the ROI/business case with VE benchmarks + reference to convert Karen's 'pretty optimistic' skepticism into accepted value  [due=2026-07-22]
Correct the system of record: align forecast/stage to reality (Best Case with a paused POC is over-stated)  [due=2026-07-15]",,No change in the last 24h.
Temasek,Formal Evaluation,Best Case,325000.0,2026-12-18,39,Behind/early,66,Healthy/building,"✅ Live, on-track Formal-Evaluation RFI: NDA signed, RFI submitted, and buyer actively evaluating Zycus's submission (60-question clarification 1 Jul) — a genuine live participant, not dark.
⚠️ No champion mapped across 9 contact roles — all engagement is evaluative, zero advocacy in a 5-vendor race. ► Convert the most-engaged evaluator (Adam Kang or Wing Yu Onz) into a coach: feed competitive intel + co-build the ROI case before shortlist.
⚠️ No Economic Buyer engaged — highest reach is VP/Director Procurement on a $325k sovereign-wealth deal. ► Use the STE exec-sponsor route to get the value case in front of the budget owner before the Dec decision.
⚠️ Crowded field with Workday incumbent-integration advantage (buyer requires Workday integration + a Workday reference). ► Neutralize with a Workday-integrated Zycus reference and buyer-validated I2O/AI differentiation, not a rep claim.
⚠️ No buyer-voiced preference and no quantified business case — 'well positioned on AI-embedded I2O' is a rep note. ► Mine the 60-question set for quantified pain and get a buyer to confirm a differentiator in the clarification exchange.
⚠️ Best Case forecast is aggressive for a not-yet-shortlisted, champion-less deal. ► Keep Best Case only if the shortlist confirms us; otherwise correct toward Pipeline in Salesforce.",Turn one engaged evaluator into a champion and land buyer-validated differentiation vs Workday before the shortlist — that's what moves us from one-of-five to front-runner.,RFP-round stage ceiling ≤60 (Formal Evaluation); score 39 sits below it — not binding. Best Case forecast keeps the ≤80 conviction cap off.,,"✅ Process-mode ON, on-track: live structured RFI with a dated future milestone (clarification response due 15 Jul) and deliverables landing on cadence — stalling drag suspended.
✅ Fresh two-way buyer engagement ≤14d: Temasek returned a 60-question clarification set on 1 Jul, after confirming review on 15 Jun — buyer investing in evaluating our submission.
✅ RFI submitted on time 6 Jun; dense forward Next Step trail (Feb→Jul) and a fresh, advancing Next Step (updated 1 Jul) carrying the 15 Jul milestone.
✅ CRM trend forward: stage advanced to Formal Evaluation and forecast upgraded to Best Case (11 May); close date stable at 18 Dec (no slip).
⚠️ Engagement is procedural/email-only — no substantive buyer meeting since the 6 Feb AI review and no accepted future session on the calendar. ► Convert the 15 Jul clarification response into a live working session to add a real two-way meeting and read buyer reception.
⚠️ Shortlist still pending 33+ days post-submission; a 60-question clarification can signal gaps. ► Use the response to close Workday-integration/competitive gaps and pin down the shortlist timeline.",Deliver a standout 15 Jul clarification response and lock the next live buyer touchpoint (working session + a shortlist date) so motion doesn't stall after submission.,"thank you for Zycus' submission for the RFI. Kindly see attached MS Excel file for the submission clarifications from Temasek... help to respond (60-question clarification set, due 15 Jul)
Temasek is currently reviewing the RFI submission responses and we will be reaching out to Zycus for the submission clarifications in early July 2026
6th Jun- RFI submitted on time- strong proposal and now we wait for shortlist
require QIT and reference request for Workday, more clarifications
for clarification, this RFI is only for Temasek itself. It does not include Temasek Portfolio Companies
Competitors Gep, Coupa, iValua, Wday, Jagger
NDA entered into between Temasek and Zycus on 20 April 2026
Process: RFI/RFP Sep, Oct/ final decision Dec
StageName: Qualified -> Formal Evaluation; ForecastCategoryName: Pipeline -> Best Case (both by Carl Kimball same day owner changed)
9 contact roles, none Champion; highest is VP/Director Procurement (Shirley Tan, Wing Yu Onz) — no EB/CFO/CIO engaged, no advocacy
coverage=full","Live 5-vendor RFI in Formal Evaluation, on-track: RFI submitted 6 Jun, buyer confirmed review 15 Jun and delivered a 60-question clarification set on 1 Jul (due 15 Jul) — buyer is actively evaluating our submission, shortlist pending.
Buyer engagement is real but procedural/committee-driven; highest contact is VP Procurement (Shirley Tan) / Director Procurement (Wing Yu Onz, Decision Maker) — no Economic Buyer and no champion across 9 contact roles.
Workday is both a required integration and a named competitor (incumbent-advantage risk); full field is GEP, Coupa, Ivalua, Workday, Jaggaer.
Amount churned 200k->400k->600k->310k->325k as scope was corrected to Holding-only; forecast rep-upgraded Pipeline->Best Case on 11 May (not buyer-voiced); stage advanced same day owner changed to Carl Kimball.
No Avoma calls / zero meeting evidence — engagement is entirely the RFI email trail + Next Step notes; AI-embedded I2O differentiation is rep-claimed, not buyer-validated.
24-month-old deal (created Jul 2024), ~2 months in Formal Evaluation; buyer's own timeline targets a Dec decision, aligned to the 18 Dec close.","Respond to the 60-question RFI clarification set (submission clarifications workstream)  [date=2026-07-01 due=2026-07-15 who_asked=Temasek RFx / Adam Kang]
Provide QIT and a Workday-integrated reference requested during clarifications  [date=2026-05-25 due=2026-07-15 who_asked=Temasek (evaluation committee)]","Submit responses to the 60 RFI clarification questions  [due=2026-07-15 committed_on=2026-07-01]
Confirm and supply a Temasek-relevant reference (Shuck / Workday-integrated)  [due=2026-07-15 committed_on=2026-06-06]","Shortlist decision / outcome following RFI + clarifications  [who=Temasek evaluation committee (Wing Yu Onz, Adam Kang) needed_by=2026-07-31]
STE / exec-sponsor backing to navigate exco and reach the budget owner  [who=STE (Temasek-side sponsor) needed_by=2026-07-31]","Develop a champion — convert the most-favorable evaluator (Adam Kang or Wing Yu Onz) into a coach who advocates on the shortlist  [due=2026-07-31]
Neutralize Workday incumbent advantage + get buyer-validated AI/I2O differentiation (Workday-integrated reference)  [due=2026-07-31]
Map and reach the Economic Buyer via the STE exec route  [due=2026-08-15]
Co-build a quantified ROI / business case (commercial workstream) with Wing Yu Onz / Shirley Tan  [due=2026-08-15]",,"No change in the last 24h.
(As of 1 Jul (8 days ago): Temasek returned a 60-question RFI clarification set, due 15 Jul; Zycus awaiting shortlist. No executed change since — outside the 48h window.)"
Galp Energia,Qualified,Pipeline,740000.0,2027-03-16,10,Weak,5,Slowing/stalled,"⚠️ Explicitly suspended since 16 Mar 2026 (MOEV merger); sole contact expects a restart only '~before end 2028' — the deal is frozen, not progressing. ► Get the post-merger S2P owner and a concrete restart timeline confirmed in writing before treating this as live pipeline.
⚠️ Qualified for ~16.5 months (since 24 Feb 2025), having regressed from a brief 2024 Formal Evaluation — anchor erosion is maxed (>2x stage dwell). ► Requalify against a real, buyer-owned restart gate rather than carrying it as an aging Qualified opp.
⚠️ No champion — Alfredo Figueira has been the single thread for two years with no advocacy, no escalation, and a resigned tone. ► Multi-thread into Carlos Silva (Decision Maker) and Marta Faustino (IT & Digital Procurement) to build a genuine sponsor.
⚠️ No economic buyer has ever engaged and budget-authority fields are blank. ► Make an EB / exec-sponsor conversation a precondition of any restart, so a resumed eval has real backing.
⚠️ No quantified business case; the only pain is qualitative and 22 months old (ERP-disconnected procurement). ► Rebuild and size the cost-of-inaction case to justify reprioritization once the MOEV integration settles.
✅ Real operational pain, a broad $740K S2P suite + Merlin/Merlin Intake AI scope, and a still-responsive contact who reaffirms Galp 'still need a more performant S2P solution' keep the competitive wedge intact for a restart (no rival is actively ahead — the whole decision is frozen).","Treat this as a dormant strategic hold: before the mid-September check-in, reconfirm the post-MOEV S2P owner, restart timeline, and budget process — and stop forecasting against the 2027-03-16 placeholder.",Pre-RFP (Qualified) stage ceiling ≤35 — not binding; score sits far below the ceiling on stall + suspension decay. Forecast-conviction ceiling 80 (Pipeline) also not binding.,,"⚠️ Project on hold/suspended; the last buyer touch (16 Jun 2026 email) said 'no idea... before end 2028' — a pause, not a pulse. ► Secure a concrete, buyer-owned restart date instead of a rep diary reminder.
⚠️ No genuine advancing engagement since the 2024 demo — only rep-driven status-relay emails since; deep in >90d stalling-drag territory (process-mode OFF: buyer has explicitly paused). ► Book a real working session (the 'Zycus evolution' review Alfredo floated) to reset the pulse.
⚠️ Cadence has been 100% rep-initiated for two years — the customer never initiates (passivity drag). ► Create a buyer-owned action so motion isn't rep-manufactured.
⚠️ Close date pushed 7×, latest 2026-09-30 → 2027-03-16 — a 251-day-out placeholder the rep admits keeping. ► Align close to a real restart trigger or move it to no committed date.
⚠️ The only forward-dated item is a rep 'next update by mid-Sept' reminder — not a live milestone, and the buyer has paused, so no process-mode / no Steady floor applies. ► Convert the September check-in into an actually scheduled buyer meeting.
✅ Relationship is still warm — Alfredo replies same-day and reaffirms a standing S2P need, so the door is open for a post-merger revival even though momentum today is effectively nil.",Stalled/suspended — the single move is to convert the mid-September rep reminder into a buyer-committed restart date and a real working session; nothing else will move this.,"Alfredo Figueira: 'don't worry, at the moment I don't have any idea but I believe it will be before end 2028.'
'due to recent new in relation to a potential merge with MOEV, this project has been suspended.'
Next_Step__c: 'On Hold... this project is on hold at this stage but they still need to have a more performant S2P solution... Next update by mid of September 26.'
OpportunityFieldHistory: CloseDate 2026-09-30 -> 2027-03-16 (7th slip since 2024).
Next_Step: 'If no feedback by 1st of July 2026 => Closed lost due to the merger' (feedback arrived 16 Jun, so not auto-closed).
Alfredo confirmed 'RFP will be sent in March 2026' (11 Dec 2025), then suspended it before launch (16 Mar 2026).
Alfredo sole contact 2 yrs; Carlos Silva (Decision Maker) never engaged; budget-authority fields blank; no champion.
2024 demo: 'the challenge is managing the procurement platform separately from the ERP system' (>90d, context only).
coverage=full","Galp S2P is a $740K Qualified/Pipeline deal that has been explicitly SUSPENDED since 16 Mar 2026 after Galp's strategic partnership with MOEV; it is not dead, but it is frozen.
The most recent buyer action (16 Jun 2026 email from sole contact Alfredo Figueira) confirms he has no visibility and personally expects any restart only 'before end 2028' — a discouraging, deprioritizing reply, not engagement.
There is no genuine advancing engagement since the 2024 demo: no Avoma ever, no meetings, only rep-driven status-relay emails; cadence has been 100% rep-initiated for two years.
Fundamentals are weak: no champion (Alfredo is a resigned coach, not an advocate), no economic buyer ever engaged (Carlos Silva/Decision Maker never appeared), no quantified business case, and the promised March-2026 RFP was cancelled before launch.
CRM hygiene is stale: Qualified for ~16.5 months (regressed from a brief 2024 Formal Evaluation) and the close date has slipped 7 times, latest to 2027-03-16 — a placeholder ~18-21 months earlier than the buyer's own stated horizon.
The only intact positives are context, not motion: real operational pain (ERP-disconnected procurement), a broad S2P+Merlin AI scope, and a still-warm contact who reaffirms Galp 'still need a more performant S2P solution' — keeping the wedge alive for a post-merger restart.",Provide a concise 'Zycus evolution over the last 12 months + roadmap' brief for Alfredo  [date=2026-03-16 due=2026-09-15 who_asked=Alfredo Figueira],Follow up with Alfredo for a restart/status update on the S2P project  [due=2026-09-15 committed_on=2026-06-16],"Post-MOEV-merger clarity: is S2P still a priority, who now owns it, and a concrete restart timeline  [who=Alfredo Figueira needed_by=2026-09-15]","Multi-thread beyond Alfredo — engage Carlos Silva (Decision Maker) and Marta Faustino (IT & Digital Procurement) to break two years of single-threading on a non-champion  [due=2026-09-15]
Identify and engage an economic buyer / confirm the budget-approval process  [due=2026-09-30]
Rebuild and quantify the business case (cost of ERP-disconnected, low-adoption procurement) to justify reprioritization post-merger  [due=2026-10-15]
Correct the forecast record — set a realistic close date and stop carrying the 2027-03-16 placeholder as Pipeline conviction  [due=2026-09-15]",2028-12-31,"No change in the last 24h.
(Deal remains suspended since 16 Mar 2026 (MOEV merger); the most recent buyer contact was 16 Jun 2026, when Alfredo Figueira indicated no visibility and a likely restart only 'before end 2028.' Nothing moved in the 24–48h window (hard stop).)"
MTR Corporation Limited,Shortlisted,Best Case,260000.0,2026-10-18,37,Behind/early,80,Accelerating,"⚠️ No champion in 18 months — SF Next_Step 'Not able to identify champion/exec sponsor engagement' (08 Dec 2025), never reversed; Chauncy Chow (Primary Evaluator) and Simon Fung engage but neither advocates. ► Use next week's agreed HK F2F to convert a working-level evaluator into an internal champion before scoring closes.
⚠️ Decision Maker never reached — Alex Gautier (GM Procurement & Supply Chain) has had zero direct Zycus contact across the deal; event invites went unanswered. ► Secure direct Gautier time at the HK F2F ahead of the ~mid-October award.
⚠️ Competitor favored by the buyer's own advisor — EY has pushed iCertis since 05 Nov 2025; Sirion also listed. ► Escalate the Zycus-EY Alliance relationship and put differentiated delivery/reference proof in front of the evaluation team.
⚠️ Price-led, commoditised dynamic — Lilian 'wants BEST price to win' and asked to self-implement (SI); no quantified value delivered. ► Deliver the outstanding ROI/$ business case and reframe on total value and delivery credibility, not price alone.
✅ Live, compliant tender bid — Zycus submitted the full Q114354 CLM tender on time (07 Jul 2026) and remains a shortlisted participant; the deal re-accelerated after the May freeze, award expected ~mid-October.
✅ Structured position intact — buyer running formal clarification rounds with Zycus responsive; Zycus is a live bidder, not dark.","Before eval scoring closes (~mid-Oct award), use next week's agreed HK F2F to break single-threading — win a champion and direct Alex Gautier time — and counter EY's iCertis lean with delivery/ROI proof; competing on price alone loses this.",Shortlisted / RFP-round stage ceiling = 60 (not binding; score 37 sits below). Forecast Best Case conviction ceiling = 80 (not binding).,,"✅ Major deliverable just landed — Zycus submitted the compliant CLM tender (Q114354) on time on 07 Jul 2026 (real skin in the game).
✅ Live RFP re-accelerated after the May freeze — RFP issued 09 Jun, briefing attended 16 Jun, buyer clarification rounds 03–06 Jul; process-mode active and on-track.
✅ Fresh, advancing Next Step (07 Jul) with a dated award milestone (~mid-October, ~1.5-month eval) and a buyer-agreed HK F2F next week.
✅ Close date pulled IN 18 Dec -> 18 Oct to align with the stated award timing — forward CRM motion.
⚠️ Buyer engagement is arm's-length/procedural — Lilian: 'we will only review after the tender closing'; no warmth or preference yet. ► Convert next week's agreed HK F2F into a working session with an evaluator/decision-maker to move from compliance to preference.
⚠️ Motion is process-driven, not relationship-driven — no champion pulling internally. ► Secure an internal advocate to sustain momentum through the ~1.5-month scoring window.",Lock next week's agreed HK F2F and use it to turn procedural tender participation into real advocacy — a champion plus Alex Gautier time — so momentum carries through the ~mid-October award.,"'Zycus Submission to Tender- MTR Q114354 ... attached the tender submission in the form of 8 files/docs' — compliant CLM tender submitted on time
AU-YEUNG Lilian Wei: 'We will only review the latest submission after the tender closing.' (arm's-length/procedural)
Lilian: 'Our answer to Queries as attached' — MTR issued clarification answers to tenderers (Q114354); further clarifications 06 Jul
'EY (supporting process) seems to push for Icertis (working with Alliance to mitigate)' — buyer's own tender advisor favors iCertis; carried, no reversal
SF Next_Step: 'Not able to identify champion/ exec sponsor engagement' — never reversed in 18 months
Decision Maker Alex Gautier (GM Procurement & Supply Chain) has had zero direct Zycus engagement across the deal; Horizon-event invites (14 Jun/25 Mar) went unanswered
SF Next_Step: 'wants BEST price to win ... hoped we could do implementation ourself' (Lilian) — lowest-price, self-implementation dynamic
'eval will take 1.5 mths and award is most likely mid October'; close pulled in 18 Dec -> 18 Oct to match
'She agreed I could meet team next week F2F in HK if I wanted' — buyer-agreed F2F, not yet firmly scheduled
coverage=full","Live formal CLM tender (Q114354): Zycus submitted a compliant bid on time 07 Jul 2026; buyer confirmed it reviews only after tender close — the deal genuinely re-accelerated after a ~04 May 2026 internal-priorities freeze.
Structurally weak to WIN: no champion identified in 18 months ('Not able to identify champion/exec sponsor engagement', 08 Dec 2025) and Decision Maker Alex Gautier has never engaged Zycus directly.
Competitor risk is real and advisor-backed: EY, MTR's tender-support partner, has pushed iCertis since 05 Nov 2025; Zycus mitigating via the Alliance channel with no confirmed success. Sirion Labs listed but uncorroborated.
Commoditised price war: Lilian 'wants BEST price to win' and asked Zycus to self-implement (SI) — differentiation/ROI never established; the '$ estimation' MTR asked for after the May-2025 eAuction demo was never delivered.
Buyer self-rates confidence at 30% (07 Jul); award expected ~mid-October; close date pulled in to 18 Oct to match.
Split read: momentum high on live-tender motion (submission just landed), win-likelihood low on the missing champion/exec plus a competitor the buyer's advisor favors.","Address MTR's pre-submission asks: confirm the SI/self-implementation delivery model and sharpen the best-price commercial position  [date=2026-07-07 due=2026-07-16 who_asked=AU-YEUNG Lilian Wei]
Respond to every tender clarification round MTR issues to tenderers (Q114354) through the evaluation  [date=2026-07-03 due=2026-08-15 who_asked=AU-YEUNG Lilian Wei (Procurement)]","Submit the corrected pricing xls cells flagged as mis-calculating (Tab SOP(A), cell H17) before MTR reviews submissions  [due=2026-07-16 committed_on=2026-07-07]
Complete the i-cert digital certificate fee remittance (HKD150) and send notice/receipt details to MTR  [due=2026-07-10 committed_on=2026-07-06]
Hold the HK F2F with the MTR team next week that Carl offered and Lilian agreed to  [due=2026-07-16 committed_on=2026-07-07]","Tender scoring / evaluation outcome — MTR reviews submissions only after tender close  [who=AU-YEUNG Lilian Wei / MTR evaluation team needed_by=2026-10-15]
Confirmed date for next week's HK F2F with the procurement team  [who=AU-YEUNG Lilian Wei needed_by=2026-07-16]
Confirmation of the extended tender closing date (extension notice received 07 Jul)  [who=MTR Procurement needed_by=2026-07-15]","Counter EY's iCertis lean: assemble differentiated delivery/implementation credibility (references, SI model) and get it in front of the evaluation team  [due=2026-07-25]
Use the HK F2F to reach the Decision Maker: secure direct time with Alex Gautier (GM Procurement & Supply Chain), never engaged in 18 months  [due=2026-07-18]
Break single-threading and secure a champion: convert Chauncy Chow (Primary Evaluator) or Simon Fung into an internal advocate  [due=2026-08-01]
Deliver the outstanding quantified ROI/$ business case MTR requested after the May-2025 eAuction demo  [due=2026-08-08]",2026-12-15,"Zycus submitted its compliant CLM tender (Q114354) to MTR on time on 07 Jul; MTR confirmed it will assess submissions only after the tender closes.
Close date pulled in to 18 Oct 2026 to match MTR's stated ~mid-October award (eval ~1.5 months).
Risk tail: buyer is price-led ('best price to win') and EY still favors iCertis — no champion or Decision-Maker (Alex Gautier) access secured.
(As of 07 Jul 2026 (48h safety-net): the material step is the on-time tender submission; the 08 Jul buyer email was a procedural acknowledgment, not a new delta.)"
SGD Pharma,Vendor Selected,Pipeline,150000.0,2027-03-17,33,Behind/early,14,Slowing/stalled,"⚠️ Project postponed indefinitely since 27 Feb 2026; FY26 budget withdrawn, no confirmed FY27 date, ~132d since the last buyer meeting. ► Get Bihag to commit a dated September FY27 budget-review checkpoint and a joint calendar hold.
⚠️ 'Vendor Selected' but no S2P award and no paper — MSA/OF/SOW were drafted in late Jan then never executed. ► Correct the system of record and rebuild the paper path the moment budget clears.
⚠️ CLM module lost to a niche vendor on price + AI/integration fit (Feb 2026); Legal (Valérie) sponsors the rival. ► Reposition the surviving S2P scope (sourcing, eProc, supplier onboarding, iRisk, Merlin) as a purchasing-led award insulated from Legal's CLM choice.
⚠️ Forecast cut Best Case→Pipeline, amount 190k→150k, close pushed ~9 months; PE owner PAI Partners may sell SGD — an existential freeze risk. ► Map the PAI sale timeline and identify who controls capex during the LBO.
✅ Bihag Shah is a proven champion who fought internally to keep Zycus in the full-suite race and kept us informed through the freeze rather than going dark.
✅ Deep multi-threaded technical and legal validation completed (SAP on-prem + Salesforce integration, DR/RTO-RPO, security, workshops) — solution risk is largely retired for a restart.","Convert Bihag's vague September re-ask into a dated, budgeted FY27 checkpoint and establish whether the PAI Partners sale freezes or funds S2P — nothing advances until budget authority is clear.",§5.5 stage-reality STALL override — capped DOWN from the Vendor Selected anchor (72) to the deal's true stalled/unawarded state; §5.2 forecast-conviction ceiling (Pipeline → ≤80) also binds.,"Recorded 'Vendor Selected' (anchor 72) OVER-positions this deal: there is no buyer-voiced S2P award, no MSA/OF/SOW executed, the CLM module was lost to a niche rival (Feb 2026), the project has been postponed indefinitely since the 27 Feb 2026 validation call (~132d dark), forecast was cut to Pipeline, amount reduced and close pushed ~9 months, and the PE owner (PAI Partners) may sell SGD. Scored against the true state — a stalled, unawarded deal held up only by an intact champion and completed validation — not the recorded stage. ► Seller nudge: move the stage back / correct the forecast + close in Salesforce so the record reflects the freeze.","✅ Champion intact and slowdown explained: Bihag replied 27 May ('let's keep in touch, waiting on this year's budget') and plans a September FY27 re-ask — this is a budget freeze, not a ghosting.
⚠️ No buyer meeting since the 27 Feb validation call (~4.5 months) and no genuine deal advance since. ► Lock a September FY27 budget-review session with Bihag now to create the next dated milestone.
⚠️ No dated future milestone or scheduled session anywhere on the calendar. ► Convert the vague 'September re-ask' into a specific dated checkpoint with Bihag + Fiona.
⚠️ Forecast cut Best Case→Pipeline and close pushed ~9 months to a Mar-2027 placeholder. ► Set an honest close tied to the FY27 budget cycle rather than a placeholder.
⚠️ Recent cadence is entirely rep-initiated (22 May invite, 1 Jul summer note) drawing only deferrals. ► Give Bihag a concrete reason to re-engage before September (ROI refresh, French reference, PAI-focused case).
⚠️ PE owner PAI Partners may sell SGD, which could freeze all capex. ► Diagnose the sale timeline and its impact on S2P funding.","Turn Bihag's September re-ask into a firm, dated FY27 budget checkpoint — that single scheduled milestone is what restarts momentum.","Bihag on Avoma validation call: 'I have to postpone my project for a while' — shared frozen IT roadmap, no new date
Next_Step: 'No budget for S2P in 26 ... SGD to be sold this year or 27 by PAI Partners'; confidence dropped to 10%
CLM awarded to unnamed niche vendor on price/AI fit; Bihag 29 Jan: 'with the gap of price today ... it's not gonna be you'
Bihag: 'I would like to wait for the decision in this year budget. Let's keep in touch.'
Pierre: 'check whether we could restart our discussions in September or October' — no reply logged
ForecastCategory Best Case->Pipeline; CloseDate 2026-06-24->2027-03-17 (placeholder); amount earlier cut 190k->150k
Next_Step: 'Ask Bihag if he will ask for approval of this project again in September' — champion engaged but blocked by budget/PE
coverage=full","The S2P project has been on indefinite hold since the 27 Feb 2026 validation call, where Bihag Shah postponed and showed SGD's frozen IT roadmap with no new date.
FY26 budget was withdrawn (14 Apr) after the Contract Management rollout ran late and because PE owner PAI Partners may sell SGD; forecast was cut to Pipeline and close pushed to a Mar-2027 placeholder.
Zycus lost the CLM module to an unnamed niche vendor (Feb 2026) on price plus a marginally better AI/integration fit, per Bihag's own account on the 29 Jan negotiation call.
Champion Bihag Shah is still engaged (replied 27 May, 'let's keep in touch, waiting on this year's budget') and plans to re-request FY27 budget in September, but no dated commitment exists.
No buyer meeting in ~4.5 months; recent cadence is rep-initiated (22 May, 1 Jul) drawing only polite deferrals; there is no scheduled future milestone anywhere.
Deep technical/legal validation (SAP + Salesforce integration, DR/security, on-site workshops) was completed in Jan 2026 — the solution is de-risked, but nothing advances until budget authority returns.","Confirm with Bihag the September FY27 budget re-approval timing he asked us to re-check, and whether the PAI Partners sale changes it  [date=2026-05-27 due=2026-09-01 who_asked=Bihag Shah]
Hold ready the dual pricing (full S2P-suite vs CLM-only) as a 3-year fixed-price with progressive user activation, per Bihag/Fiona's asks, for the budget restart  [date=2026-01-29 due=2026-09-07 who_asked=Bihag Shah / Fiona Zhou]",Re-open discussions with Bihag in September/October as Pierre committed in the pre-summer note  [due=2026-09-01 committed_on=2026-07-01],"FY27 budget approval for S2P (the gating dependency) from the CFO and PE owner  [who=Philippe Pourquéry (CFO) / PAI Partners needed_by=2026-09-15]
Bihag to confirm whether the PAI Partners sale of SGD proceeds and its impact on the S2P project  [who=Bihag Shah needed_by=2026-09-01]","Reposition the surviving S2P scope (sourcing, eProc, supplier onboarding, iRisk, Merlin Intake) as a purchasing-led award insulated from Legal's CLM decision — rebuild the differentiation/credibility case vs the incumbent CLM rival  [due=2026-08-15]
Multi-thread beyond the blocked champion: re-engage CFO Philippe (EB) and identify/map the PAI Partners capex decision-maker  [due=2026-08-30]
Refresh a quantified, buyer-owned business case (ROI) tied to FY27 budget justification to arm Bihag for the September re-ask  [due=2026-09-01]
Run a keep-warm reference cadence (French customer on iContract with SFDC connector) to sustain credibility through the freeze  [due=2026-08-15]",,"No change in the last 24h.
(Deal on indefinite hold since the 27 Feb 2026 postponement; Pierre's 1 Jul 'before summer break' note to Bihag (restart in Sep/Oct?) is still awaiting a reply — a rep-only email into silence, not a change.)"
A.R.M. Holding,Formal Evaluation,Pipeline,150000.0,2026-09-30,22,Weak,20,Slowing/stalled,"⚠️ Buyer dark ~90 days — no substantive two-way engagement since the 8 Apr PQQ/NDA thread; Eid (25 May), resources (8/19 May) and the 3 Jul reconnect all sent into silence. ► New owner Mohamad Alhakim must secure a live call with Ahmad Jan / Mohamed Arshed this week to confirm the project is still live — or qualify out.
⚠️ RFP never launched — the 14 May 'nearly complete, launching in a few weeks' plan is 54+ days overdue with nothing landed. ► Press for a firm, dated RFP launch commitment; without it, the 30 Sep close is not credible.
⚠️ Scope & amount cut — narrowed to sourcing-only, amount $230k->$150k, iSupplier/iRisk/CLM dropped. ► Re-qualify at the reduced scope and confirm budget authority for $150k with EB Ahmed Raafat.
⚠️ Champion cooling / EB passive — Mohamed Arshed silent since 14 May; Ahmed Raafat only cc'd since the Apr 2025 demo. ► Multi-thread and re-engage the EB directly to reconfirm sponsorship for the narrowed scope.
✅ No competitor ahead — Coupa faded, JAGGAER incumbency unconfirmed, GEP uncorroborated; the deal is losable to inertia, not to a rival — a real (if fragile) re-open window remains.
⚠️ UAE-local support mandated — rep flagged it as a qualify-out trigger. ► Confirm Zycus can meet the UAE-local support requirement before any further investment.","Get a live re-engagement call this week to confirm the RFP is still live and the deal still qualifies at the reduced sourcing-only scope; if the buyer stays dark, qualify out rather than forecast it.",Formal Evaluation / RFP-round stage ceiling ≤60 available but NOT binding — score sits far below it; operative adjustment is the evidence-based downward correction below the Formal-Eval anchor (35).,"Field OVER-positions the deal: recorded Formal Evaluation (anchor 35) but hard evidence — ~90d dark, RFP 54+ days overdue and never launched, amount cut $230k->$150k, scope shrunk, champion cooling — shows a genuine stall, so scored BELOW the Formal-Eval anchor. ► Move the stage back toward Qualified/Initial Interest (or re-qualify) and correct the non-credible 30 Sep 2026 close date in Salesforce.","⚠️ Buyer dark — zero buyer-initiated action in the 14/30/60-day windows; last real two-way engagement was the 8 Apr PQQ/NDA thread (>60d, zero recency weight). ► Convert the new-owner intro into a live, dated session to restart two-way motion.
⚠️ One-way rep chasing — Eid, resources and the 3 Jul reconnect all sent into silence (who-weight x0.1). ► Stop broadcasting content; get one scheduled meeting on the calendar via Benita/Ahmad.
⚠️ No live future milestone — the 14 May RFP-launch plan is undated and overdue; no future meeting or open task exists, so process-mode is OFF (anti-zombie guard fired). ► Secure a dated RFP launch date from Ahmad Jan.
⚠️ Owner handoff mid-stall — Dan Quinn -> Mohamad Alhakim (29 Jun) resets the relationship with no buyer acknowledgment yet. ► Warm-introduce the new owner through the existing operational contacts rather than cold outreach.
✅ Close-date push within tolerance — 31 Jul -> 30 Sep (61 days) reads as neutral timing this cycle, not fresh slippage.
⚠️ Customer passivity — rep drives all cadence; the buyer has not initiated since April. ► Create a buyer-owned next step (RFP date / clarification deadline) so motion isn't rep-dependent.","Turn the new-owner reconnect into a live, dated call this week — a scheduled RFP launch date is the single thing that would lift this off the floor; until then it is stalling, not moving.","Last inbound buyer email (Benita, NDA/registration) 8 Apr; Eid 25 May, resources 8/19 May, reconnect 3 Jul all REP-SENT into silence — no buyer reply on any channel since
Owner Dan Quinn -> Mohamad Alhakim (by Carl Kimball); 3 Jul email 'Dan Quinn has recently moved on... I am Mohamad Alhakim... I will be your' — unanswered
'draft RFP is nearly completed - expecting the launch sometime in next few weeks... focus only on Sourcing now' — 54+ days overdue, no RFP landed
Amount 230000->150000 (1 Apr); PQQ 16 Mar 'Appears to be for sourcing only, previously iSupplier, iRisk & CLM were included'
'they are emphasising local support requirements... if local support is a showstopper we will qualify out'; UAE-based support resource mandatory
PQQ submitted 26 Mar, clarifications addressed through 8 Apr — genuine (rep-side) procurement participation; buyer invited us to the PQQ 16 Mar
CloseDate 2026-07-31 -> 2026-09-30; 7th push since Jan 2025 per field/prior record
Champion Mohamed Arshed self-drove both POCs but silent since 14 May; EB Ahmed Raafat only cc'd since the 17 Apr 2025 demo
Coupa faded (1 mention 28 Nov 2024), JAGGAER incumbency unconfirmed/contradicted, GEP no call corroboration; strongest threat is status-quo/do-nothing
Two POC sessions (29 May, 12 Jun 2025), fit ~70-80%, 'very unusual process', functionality/version-control gaps (>90d, context only)
coverage=full","A genuinely live ~20-month sourcing evaluation has STALLED behind an unlaunched RFP: the buyer has been dark ~90 days since the 8 Apr PQQ/NDA thread, with every May–Jul outreach unanswered.
The deal narrowed to sourcing-only and the amount was cut $230k->$150k (1 Apr); iSupplier/iRisk/CLM were dropped from the PQQ — shrinking both value and footprint.
The 14 May 'draft RFP nearly complete, launching in a few weeks' plan is now 54+ days overdue with nothing landed — the single biggest blocker to any 2026 close.
Zycus reassigned the account (Dan Quinn -> Mohamad Alhakim, 29 Jun); the new owner's 3 Jul reconnect email is unanswered, so the relationship is mid-reset with no buyer acknowledgment.
No competitor is ahead (Coupa faded, JAGGAER incumbency unconfirmed) — the real threat is inertia/status-quo, not a competitive loss; owner's self-stated confidence is 20%.
UAE-local support is a buyer-mandated potential SHOWSTOPPER the rep has flagged as a qualify-out trigger.","Confirm Zycus can meet the mandatory UAE-local support requirement (buyer's stated evaluation criterion / potential showstopper)  [date=2026-03-27 due=2026-07-16 who_asked=Ahmed Raafat / Ahmad Jan]
Address the buyer's technical-document version-control / audit-trail asks (multi-round PTCs, view v1+v2+v3, split-award by value, regret emails, Oracle PR integration) surfaced in the POC — bundle into the RFP response  [date=2025-06-12 due=2026-07-31 who_asked=A.R.M. evaluation team (POC 12 Jun)]","New owner Mohamad Alhakim to complete the reconnect / formal handoff and re-establish a point of contact with the buying team  [due=2026-07-14 committed_on=2026-07-03]
Deliver the promised end-to-end sourcing process video (incl. version-control workaround) committed at the POC — verify it is still relevant after the sourcing-only scope change before re-sending  [due=2026-07-23 committed_on=2025-06-12]","Launch of the draft RFP the buyer said was 'nearly complete' on 14 May (undated, now 54+ days overdue)  [who=Mohamed Arshed / Ahmad Jan needed_by=2026-07-18]
Confirmation the project is still live and not shelved (buyer silent since ~mid-May; response to the 3 Jul reconnect email)  [who=Ahmed Raafat / Ahmad Jan needed_by=2026-07-16]","Re-engage and confirm the deal is alive — new owner lands one live call with the buying team this week  [due=2026-07-16]
Nail a firm, dated RFP launch date and formally qualify in/out at the sourcing-only scope  [due=2026-07-23]
Multi-thread to EB Ahmed Raafat and reconfirm sponsorship + $150k budget for the narrowed scope  [due=2026-07-30]
Resolve the UAE-local support feasibility question before further investment  [due=2026-07-21]",2027-03-31,"No change in the last 24h — the buyer remains dark and the new owner's 3 Jul reconnect email is still unanswered.
(As of last week (outside the 24/48h window): the account was reassigned to new owner Mohamad Alhakim (29 Jun) and a reconnect email was sent (3 Jul) — both still unanswered; the ~90-day silence since the 8 Apr PQQ/NDA thread is unbroken.)"
FGV Holdings Berhad,Formal Evaluation,Pipeline,400000.0,2026-11-20,21,Weak,45,Steady,"✅ Live RFP: FGV issued a new RFP (29 Jan 2026), Zycus submitted (23 Feb) and the deal advanced Qualified->Formal Evaluation - Zycus is a buyer-included, considered vendor, which is the one real asset holding this off the floor.
⚠️ No economic buyer reached in 3 years; the exec-connect (Carl -> senior FGV sponsor) planned for mid-June is still outstanding. ► Have Carl Kimball secure a 30-min session with a CPO/CFO-level sponsor before the Q3 shortlist.
⚠️ No internal champion - engagement is transactional and KPMG is only an access channel. ► Convert Mac Chew or Norzaida Jamal into an internal advocate (or recruit one) to carry Zycus vs SAP in the evaluation.
⚠️ SAP is the incumbent ERP (SAP ECC), positioned to bundle Ariba at a merger discount. ► Put Zycus's multi-entity, high-volume S2P depth (24 BUs, 60k+ RFx/yr) explicitly against a bolt-on ERP module before the merger renewal locks in.
⚠️ Stalled: April shortlist slipped to Q3, close pushed twice (Jun->Sep->Nov), deal-content dark since Feb. ► Get Norzaida to confirm dated shortlist criteria and a revised timeline to re-anchor the process.
⚠️ No quantified business case (metrics gap - only operational volumetrics). ► Build an ROI/savings model for a senior FGV audience to justify displacing SAP ECC.",Reach a senior FGV economic buyer (via Carl) and put the anti-SAP S2P-depth differentiation in front of the evaluators before the Q3 shortlist - nothing advances without an exec sponsor and a reason to prefer Zycus over the incumbent.,"None binding - stage ceiling (Formal Evaluation <=60) and Pipeline forecast cap (<=80) both sit above the score. The 21 is set by weak fundamentals (no EB, no champion, SAP incumbency, no quantified case) plus a ~4.5-month deal-content stall, not by a ceiling.",,"✅ A written forward plan (Next Step 1 Jun 2026: exec-connect + Q3 shortlist visibility) and a dated future close (20 Nov 2026) give the deal benefit-of-the-doubt motion and hold the read at Steady rather than a hard stall.
⚠️ Underlying pulse is thin: the only recent buyer touch is Mac Chew's 15 Jun cordial decline of an event invite - not deal-content. ► Convert the open, cordial channel into a deal-content working session (shortlist criteria / SAP differentiation).
⚠️ Deal-content dark ~4.5 months (last real engagement = RFP submission 23 Feb 2026). ► Secure a dated buyer session before end of July to restart the pulse.
⚠️ Close date pushed twice (20 Jun->20 Sep->20 Nov). ► Re-baseline to a realistic Q1 2027 close and hold it rather than pushing again.
⚠️ Buyer is passive and the mid-June exec-connect is unconfirmed and now overdue. ► Have Carl confirm and complete the executive introduction this week.
⚠️ The April shortlist deadline passed in silence and slipped to a vague 'Q3'. ► Get Norzaida to commit a dated shortlist milestone so the process has a real forcing function.","Reviving-or-stalling hinges on one move: land a dated, deal-content buyer session in July (exec-connect or shortlist-criteria review) - right now the motion is a written plan, not buyer action.","Mac Chew: 'unable to travel at the moment due to work commitments' — declined a procurement-event invite
Next Step: shortlist visibility pushed from April to 'third quarter'; FGV-FELDA merger + senior-team restructuring 'stretching' the process
CloseDate pushed 20 Sep->20 Nov (second push after 20 Jun->20 Sep on 03 May)
'RFP submitted' (now >90d, context only)
'New RFP received - need to requalify'; Zycus invited to bid, advanced Qualified->Formal Evaluation 26 Feb
SAP ECC is FGV's ERP of record; flagged 'our main competitor' (30 May 2024); positioned to bundle Ariba at a merger discount
3 years, no economic buyer reached; exec-connect (senior FGV sponsor -> Carl Kimball) still outstanding; KPMG is an access channel, not a champion
Amount raised 250k->350k->400k across 2026 (unilateral rep conviction; forecast still Pipeline)
coverage=partial_low_evidence","Zycus is a live, buyer-included RFP participant (new RFP issued 29 Jan 2026, submitted 23 Feb, advanced to Formal Evaluation) - but the process has stalled: the shortlist FGV promised for April slipped to Q3 2026 amid the FGV-FELDA merger and senior-team restructuring.
Deal-content has been dark ~4.5 months; the only touch since is Mac Chew's 15 Jun 2026 cordial decline of a procurement-event invite - relationship-warm, not deal progress.
No economic buyer reached in 3 years; the exec-connect (Carl Kimball -> senior FGV sponsor) planned for mid-June is still outstanding and now overdue.
No internal champion - engagement is transactional; KPMG is an external access channel, not an advocate carrying Zycus vs SAP internally.
SAP is the incumbent ERP (SAP ECC), positioned to bundle Ariba at a merger discount - the one live competitive threat; Coupa/GEP/iValua are logged but dormant this sweep.
CRM shows unilateral rep conviction (amount 250k->400k) but two close-date pushes (Jun->Sep->Nov) and a Pipeline forecast; no Avoma calls exist, so recent deal-content evidence is thin (coverage partial).",,"Complete the executive introduction - connect a senior FGV sponsor (CPO/CFO-level) with Carl Kimball (VP APAC); overdue since mid-June, expedite.  [due=2026-07-18 committed_on=2026-06-01]","RFP shortlist decision / announcement (promised April, slipped to Q3 2026)  [who=Norzaida Jamal / Group Procurement needed_by=2026-08-31]
Confirmed post-merger evaluation timeline and revised close expectation  [who=Mac Chew (Head of Group Procurement) needed_by=2026-08-15]","Reach a senior FGV economic buyer/sponsor via Carl Kimball (deal is single-threaded with no power sponsor; exec-connect is overdue and unblocks everything).  [due=2026-07-18]
Differentiate vs SAP: put Zycus's multi-entity, high-volume S2P depth explicitly against a bolt-on ERP module before SAP's merger-driven ERP renewal bundles Ariba at a discount.  [due=2026-08-01]
Re-engage on deal content: secure a dated shortlist-criteria / timeline review with Norzaida to restart the process and re-anchor the slipped shortlist.  [due=2026-07-25]
Recruit or develop an internal champion (Mac Chew or Norzaida) to advocate for Zycus internally; stop relying on KPMG as the only access channel.  [due=2026-08-15]",2027-02-28,"No change in the last 24h.
(As of 2026-07-09: last logged touch was 15 Jun 2026 (Mac Chew's cordial decline of a procurement-event invite - not deal-content); nothing in the 24-48h window. Deal-content has been dark since the 23 Feb 2026 RFP submission, and the April shortlist has slipped to Q3.)"
